-- MySQL dump 10.13  Distrib 8.0.45, for Win64 (x86_64)
--
-- Host: 127.0.0.1    Database: chat_application
-- ------------------------------------------------------
-- Server version	8.0.45

/*!40101 SET @OLD_CHARACTER_SET_CLIENT=@@CHARACTER_SET_CLIENT */;
/*!40101 SET @OLD_CHARACTER_SET_RESULTS=@@CHARACTER_SET_RESULTS */;
/*!40101 SET @OLD_COLLATION_CONNECTION=@@COLLATION_CONNECTION */;
/*!50503 SET NAMES utf8mb4 */;
/*!40103 SET @OLD_TIME_ZONE=@@TIME_ZONE */;
/*!40103 SET TIME_ZONE='+00:00' */;
/*!40014 SET @OLD_UNIQUE_CHECKS=@@UNIQUE_CHECKS, UNIQUE_CHECKS=0 */;
/*!40014 SET @OLD_FOREIGN_KEY_CHECKS=@@FOREIGN_KEY_CHECKS, FOREIGN_KEY_CHECKS=0 */;
/*!40101 SET @OLD_SQL_MODE=@@SQL_MODE, SQL_MODE='NO_AUTO_VALUE_ON_ZERO' */;
/*!40111 SET @OLD_SQL_NOTES=@@SQL_NOTES, SQL_NOTES=0 */;

--
-- Table structure for table `chat_settings`
--

DROP TABLE IF EXISTS `chat_settings`;
/*!40101 SET @saved_cs_client     = @@character_set_client */;
/*!50503 SET character_set_client = utf8mb4 */;
CREATE TABLE `chat_settings` (
  `id` int NOT NULL AUTO_INCREMENT,
  `chat_id` int NOT NULL,
  `user_id` int NOT NULL,
  `is_pin` tinyint(1) DEFAULT '0',
  `is_mute` tinyint(1) DEFAULT '0',
  `is_block` tinyint(1) DEFAULT '0',
  `lastSeenMsgId` int DEFAULT NULL,
  `lastSeen` datetime DEFAULT NULL,
  `unread_count` int DEFAULT '0',
  `is_delete` tinyint(1) DEFAULT '0',
  `createdAt` datetime NOT NULL,
  `updatedAt` datetime NOT NULL,
  PRIMARY KEY (`id`),
  KEY `chat_id` (`chat_id`),
  KEY `user_id` (`user_id`),
  CONSTRAINT `chat_settings_ibfk_1` FOREIGN KEY (`chat_id`) REFERENCES `chats` (`id`) ON DELETE CASCADE ON UPDATE CASCADE,
  CONSTRAINT `chat_settings_ibfk_2` FOREIGN KEY (`user_id`) REFERENCES `users` (`id`) ON DELETE CASCADE ON UPDATE CASCADE
) ENGINE=InnoDB AUTO_INCREMENT=19 DEFAULT CHARSET=utf8mb4 COLLATE=utf8mb4_0900_ai_ci;
/*!40101 SET character_set_client = @saved_cs_client */;

--
-- Dumping data for table `chat_settings`
--

LOCK TABLES `chat_settings` WRITE;
/*!40000 ALTER TABLE `chat_settings` DISABLE KEYS */;
INSERT INTO `chat_settings` VALUES (1,1,1,0,0,0,180,'2026-03-27 09:39:48',0,0,'2026-03-25 10:07:04','2026-03-27 09:39:48'),(2,1,2,0,0,0,180,'2026-03-27 09:39:40',0,0,'2026-03-25 10:07:04','2026-03-27 09:39:40'),(3,2,3,0,0,0,10,'2026-03-25 10:13:32',0,1,'2026-03-25 10:07:54','2026-03-25 10:13:32'),(4,2,1,0,0,0,10,'2026-03-26 09:57:18',0,0,'2026-03-25 10:07:54','2026-03-26 09:57:18'),(5,3,4,0,0,0,112,'2026-03-25 12:03:26',0,0,'2026-03-25 10:24:57','2026-03-25 12:03:26'),(6,3,2,0,0,0,112,'2026-03-27 07:40:35',0,0,'2026-03-25 10:24:57','2026-03-27 07:40:35'),(7,4,4,0,0,0,61,'2026-03-25 11:58:14',5,0,'2026-03-25 10:26:56','2026-03-26 09:14:42'),(8,4,1,0,0,0,153,'2026-03-27 07:41:25',0,0,'2026-03-25 10:26:56','2026-03-27 07:41:25'),(9,5,5,0,0,0,100,'2026-03-25 11:42:22',0,0,'2026-03-25 10:33:53','2026-03-25 11:42:22'),(10,5,1,0,0,0,100,'2026-03-26 09:57:14',0,0,'2026-03-25 10:33:53','2026-03-26 09:57:14'),(11,6,6,0,0,0,121,'2026-03-25 12:03:56',0,0,'2026-03-25 10:34:09','2026-03-25 12:03:56'),(12,6,2,0,0,0,121,'2026-03-27 07:40:36',0,0,'2026-03-25 10:34:09','2026-03-27 07:40:36'),(13,7,7,0,0,0,143,'2026-03-26 07:24:02',0,0,'2026-03-25 11:57:15','2026-03-26 07:24:02'),(14,7,1,0,0,0,143,'2026-03-26 09:58:02',0,0,'2026-03-25 11:57:15','2026-03-26 09:58:02'),(15,8,4,0,0,0,131,'2026-03-26 04:49:08',0,0,'2026-03-25 12:03:33','2026-03-26 04:49:08'),(16,8,6,0,0,0,131,'2026-03-25 12:23:55',0,0,'2026-03-25 12:03:33','2026-03-25 12:23:55'),(17,9,8,0,0,0,172,'2026-03-26 12:26:09',1,0,'2026-03-26 04:48:55','2026-03-27 06:29:30'),(18,9,2,0,0,0,173,'2026-03-27 09:32:00',0,0,'2026-03-26 04:48:55','2026-03-27 09:32:00');
/*!40000 ALTER TABLE `chat_settings` ENABLE KEYS */;
UNLOCK TABLES;

--
-- Table structure for table `chats`
--

DROP TABLE IF EXISTS `chats`;
/*!40101 SET @saved_cs_client     = @@character_set_client */;
/*!50503 SET character_set_client = utf8mb4 */;
CREATE TABLE `chats` (
  `id` int NOT NULL AUTO_INCREMENT,
  `user_one` int NOT NULL,
  `user_two` int NOT NULL,
  `last_message` varchar(255) DEFAULT NULL,
  `last_message_time` datetime DEFAULT NULL,
  `createdAt` datetime NOT NULL DEFAULT CURRENT_TIMESTAMP,
  `updatedAt` datetime NOT NULL DEFAULT CURRENT_TIMESTAMP ON UPDATE CURRENT_TIMESTAMP,
  PRIMARY KEY (`id`),
  KEY `user_one` (`user_one`),
  KEY `user_two` (`user_two`),
  CONSTRAINT `chats_ibfk_1` FOREIGN KEY (`user_one`) REFERENCES `users` (`id`) ON DELETE CASCADE ON UPDATE CASCADE,
  CONSTRAINT `chats_ibfk_2` FOREIGN KEY (`user_two`) REFERENCES `users` (`id`) ON DELETE CASCADE ON UPDATE CASCADE
) ENGINE=InnoDB AUTO_INCREMENT=10 DEFAULT CHARSET=utf8mb4 COLLATE=utf8mb4_0900_ai_ci;
/*!40101 SET character_set_client = @saved_cs_client */;

--
-- Dumping data for table `chats`
--

LOCK TABLES `chats` WRITE;
/*!40000 ALTER TABLE `chats` DISABLE KEYS */;
INSERT INTO `chats` VALUES (1,1,2,'8b1d954590c9c45185c7664d9e9027dc:fc70f8ddd8db3fc2ecfefeef8330dfb3','2026-03-27 09:38:30','2026-03-25 10:07:04','2026-03-27 09:38:30'),(2,3,1,'a6bd1fa119587dbbe700347847bb0c97:a8a05aae4db2f41504ab0118ea25af63','2026-03-25 10:13:32','2026-03-25 10:07:54','2026-03-25 10:13:32'),(3,4,2,'d3d143a194cce92a4f4854b8297d6584:24d8aeeb1720bcaa27c481f8ae8dadfb','2026-03-25 11:53:41','2026-03-25 10:24:57','2026-03-26 08:54:45'),(4,4,1,'3e7f77ee2c23a0072e667650e7de805b:efe1570549f752bd250baf9478101206','2026-03-26 09:14:42','2026-03-25 10:26:56','2026-03-26 09:14:42'),(5,5,1,NULL,'2026-03-25 11:42:21','2026-03-25 10:33:53','2026-03-25 11:42:21'),(6,6,2,'a2d67f09e7ddf55e591d7bfffa94864e:fe4cde879ba4d71fb2db8c603523a12e44e388116ad712eb4392a9a495de92da','2026-03-25 12:03:22','2026-03-25 10:34:09','2026-03-25 12:03:22'),(7,7,1,'116c8def13762970e15ea15993c8b6bb:a78bc577b0d0253f8decaf8f63599541','2026-03-26 07:07:13','2026-03-25 11:57:15','2026-03-26 07:07:13'),(8,4,6,'651e4a754de88ab4dd6d1170aea536e5:a769024668e78fd2dbdf741fb48a8fbf','2026-03-25 12:08:02','2026-03-25 12:03:33','2026-03-25 12:08:02'),(9,8,2,'275e5752b564042fdf423ca7f563833a:f799d0fe6ac8fd3fcc41fe300d83adab','2026-03-27 06:29:30','2026-03-26 04:48:55','2026-03-27 06:29:30');
/*!40000 ALTER TABLE `chats` ENABLE KEYS */;
UNLOCK TABLES;

--
-- Table structure for table `message_settings`
--

DROP TABLE IF EXISTS `message_settings`;
/*!40101 SET @saved_cs_client     = @@character_set_client */;
/*!50503 SET character_set_client = utf8mb4 */;
CREATE TABLE `message_settings` (
  `id` int NOT NULL AUTO_INCREMENT,
  `msg_id` int NOT NULL,
  `user_id` int NOT NULL,
  `chat_id` int NOT NULL,
  `is_star` tinyint(1) NOT NULL DEFAULT '0',
  `delete_for_me` tinyint(1) NOT NULL DEFAULT '0',
  `createdAt` datetime NOT NULL,
  `updatedAt` datetime DEFAULT NULL,
  PRIMARY KEY (`id`),
  KEY `msg_id` (`msg_id`),
  KEY `user_id` (`user_id`),
  KEY `chat_id` (`chat_id`),
  CONSTRAINT `message_settings_ibfk_1` FOREIGN KEY (`msg_id`) REFERENCES `messages` (`id`) ON DELETE CASCADE ON UPDATE CASCADE,
  CONSTRAINT `message_settings_ibfk_2` FOREIGN KEY (`user_id`) REFERENCES `users` (`id`) ON DELETE CASCADE ON UPDATE CASCADE,
  CONSTRAINT `message_settings_ibfk_3` FOREIGN KEY (`chat_id`) REFERENCES `chats` (`id`) ON DELETE CASCADE ON UPDATE CASCADE
) ENGINE=InnoDB AUTO_INCREMENT=357 DEFAULT CHARSET=utf8mb4 COLLATE=utf8mb4_0900_ai_ci;
/*!40101 SET character_set_client = @saved_cs_client */;

--
-- Dumping data for table `message_settings`
--

LOCK TABLES `message_settings` WRITE;
/*!40000 ALTER TABLE `message_settings` DISABLE KEYS */;
INSERT INTO `message_settings` VALUES (1,1,1,1,0,0,'2026-03-25 10:07:08','2026-03-25 10:07:08'),(2,1,2,1,0,0,'2026-03-25 10:07:08','2026-03-25 10:07:08'),(3,2,1,1,0,0,'2026-03-25 10:07:20','2026-03-25 10:07:20'),(4,2,2,1,0,0,'2026-03-25 10:07:20','2026-03-25 10:07:20'),(5,3,3,2,1,1,'2026-03-25 10:07:59','2026-03-25 10:12:32'),(6,3,1,2,1,0,'2026-03-25 10:07:59','2026-03-25 10:26:52'),(7,4,1,2,0,0,'2026-03-25 10:09:37','2026-03-25 10:09:37'),(8,4,3,2,1,1,'2026-03-25 10:09:37','2026-03-25 10:12:32'),(9,5,3,2,0,1,'2026-03-25 10:11:22','2026-03-25 10:12:32'),(10,5,1,2,0,0,'2026-03-25 10:11:22','2026-03-25 10:11:22'),(11,6,1,2,0,0,'2026-03-25 10:12:12','2026-03-25 10:12:12'),(12,6,3,2,0,1,'2026-03-25 10:12:12','2026-03-25 10:12:32'),(13,7,1,2,0,0,'2026-03-25 10:12:43','2026-03-25 10:12:43'),(14,7,3,2,0,0,'2026-03-25 10:12:43','2026-03-25 10:12:43'),(15,8,1,2,0,0,'2026-03-25 10:12:59','2026-03-25 10:12:59'),(16,8,3,2,0,0,'2026-03-25 10:12:59','2026-03-25 10:12:59'),(17,9,3,2,0,0,'2026-03-25 10:13:11','2026-03-25 10:13:11'),(18,9,1,2,0,0,'2026-03-25 10:13:11','2026-03-25 10:13:11'),(19,10,3,2,0,0,'2026-03-25 10:13:32','2026-03-25 10:13:32'),(20,10,1,2,0,0,'2026-03-25 10:13:32','2026-03-25 10:13:32'),(21,11,4,3,0,0,'2026-03-25 10:25:02','2026-03-25 10:25:02'),(22,11,2,3,0,0,'2026-03-25 10:25:02','2026-03-25 10:25:02'),(23,12,4,3,0,0,'2026-03-25 10:25:37','2026-03-25 10:25:37'),(24,12,2,3,0,0,'2026-03-25 10:25:37','2026-03-25 10:25:37'),(25,13,4,3,0,0,'2026-03-25 10:25:38','2026-03-25 10:26:34'),(26,13,2,3,0,0,'2026-03-25 10:25:38','2026-03-25 10:25:38'),(27,14,4,3,0,0,'2026-03-25 10:25:38','2026-03-25 10:25:38'),(28,14,2,3,0,0,'2026-03-25 10:25:38','2026-03-25 10:25:38'),(29,15,4,3,0,0,'2026-03-25 10:25:38','2026-03-25 10:25:38'),(30,15,2,3,0,0,'2026-03-25 10:25:38','2026-03-25 10:25:38'),(31,16,4,3,0,0,'2026-03-25 10:25:39','2026-03-25 10:25:39'),(32,16,2,3,0,0,'2026-03-25 10:25:39','2026-03-25 10:25:39'),(33,17,4,3,0,0,'2026-03-25 10:25:39','2026-03-25 10:25:39'),(34,17,2,3,0,0,'2026-03-25 10:25:39','2026-03-25 10:25:39'),(35,18,4,3,0,0,'2026-03-25 10:25:39','2026-03-25 10:25:39'),(36,18,2,3,0,0,'2026-03-25 10:25:39','2026-03-25 10:25:39'),(37,19,4,3,0,0,'2026-03-25 10:25:39','2026-03-25 10:25:39'),(38,19,2,3,0,0,'2026-03-25 10:25:39','2026-03-25 10:25:39'),(39,20,4,4,0,0,'2026-03-25 10:27:05','2026-03-25 10:27:05'),(40,20,1,4,0,0,'2026-03-25 10:27:05','2026-03-25 10:27:05'),(41,21,5,5,0,0,'2026-03-25 10:34:02','2026-03-25 10:34:02'),(42,21,1,5,0,0,'2026-03-25 10:34:02','2026-03-25 10:34:02'),(43,22,1,5,0,0,'2026-03-25 10:34:44','2026-03-25 10:34:44'),(44,22,5,5,0,0,'2026-03-25 10:34:44','2026-03-25 10:34:44'),(45,23,5,5,0,0,'2026-03-25 10:35:47','2026-03-25 10:35:47'),(46,23,1,5,0,0,'2026-03-25 10:35:47','2026-03-25 10:35:47'),(47,24,5,5,0,0,'2026-03-25 10:35:54','2026-03-25 10:35:54'),(48,24,1,5,0,0,'2026-03-25 10:35:54','2026-03-25 10:35:54'),(49,25,1,5,0,0,'2026-03-25 10:36:15','2026-03-25 10:36:15'),(50,25,5,5,0,0,'2026-03-25 10:36:15','2026-03-25 10:36:15'),(51,26,5,5,0,0,'2026-03-25 10:38:44','2026-03-25 10:38:44'),(52,26,1,5,0,0,'2026-03-25 10:38:44','2026-03-25 10:43:22'),(53,27,1,4,0,0,'2026-03-25 10:39:06','2026-03-25 10:39:06'),(54,27,4,4,0,0,'2026-03-25 10:39:06','2026-03-25 10:39:06'),(55,28,5,5,0,0,'2026-03-25 10:42:39','2026-03-25 10:42:39'),(56,28,1,5,0,0,'2026-03-25 10:42:39','2026-03-25 10:42:39'),(57,29,1,5,0,0,'2026-03-25 10:42:48','2026-03-25 10:42:48'),(58,29,5,5,0,0,'2026-03-25 10:42:48','2026-03-25 10:42:48'),(59,30,5,5,0,0,'2026-03-25 10:43:11','2026-03-25 10:43:11'),(60,30,1,5,0,0,'2026-03-25 10:43:11','2026-03-25 10:43:11'),(61,31,5,5,0,0,'2026-03-25 10:43:29','2026-03-25 10:43:29'),(62,31,1,5,0,0,'2026-03-25 10:43:29','2026-03-25 10:43:29'),(63,32,4,4,0,0,'2026-03-25 10:43:42','2026-03-25 10:43:42'),(64,32,1,4,0,0,'2026-03-25 10:43:42','2026-03-25 10:43:42'),(65,33,1,5,0,0,'2026-03-25 10:44:19','2026-03-25 10:44:19'),(66,33,5,5,0,0,'2026-03-25 10:44:19','2026-03-25 10:44:19'),(67,34,4,4,0,0,'2026-03-25 10:44:28','2026-03-25 10:44:28'),(68,34,1,4,0,0,'2026-03-25 10:44:28','2026-03-25 10:44:28'),(69,35,1,4,0,0,'2026-03-25 10:44:41','2026-03-25 10:44:41'),(70,35,4,4,1,0,'2026-03-25 10:44:41','2026-03-25 10:44:49'),(71,36,4,4,0,0,'2026-03-25 10:45:18','2026-03-25 10:45:18'),(72,36,1,4,0,0,'2026-03-25 10:45:18','2026-03-25 10:45:18'),(73,37,4,4,0,0,'2026-03-25 10:45:18','2026-03-25 10:45:18'),(74,37,1,4,0,0,'2026-03-25 10:45:18','2026-03-25 10:45:18'),(75,38,4,4,0,0,'2026-03-25 10:45:18','2026-03-25 10:45:18'),(76,38,1,4,0,0,'2026-03-25 10:45:18','2026-03-25 10:45:18'),(77,39,4,4,0,0,'2026-03-25 10:45:19','2026-03-25 10:45:19'),(78,39,1,4,0,0,'2026-03-25 10:45:19','2026-03-25 10:45:19'),(79,40,4,4,0,0,'2026-03-25 10:45:19','2026-03-25 10:45:19'),(80,40,1,4,0,0,'2026-03-25 10:45:19','2026-03-25 10:45:19'),(81,41,4,4,0,0,'2026-03-25 10:45:20','2026-03-25 10:45:20'),(82,41,1,4,0,0,'2026-03-25 10:45:20','2026-03-25 10:45:20'),(83,42,4,4,0,0,'2026-03-25 10:45:20','2026-03-25 10:45:20'),(84,42,1,4,0,0,'2026-03-25 10:45:20','2026-03-25 10:45:20'),(85,43,4,4,0,0,'2026-03-25 10:45:21','2026-03-25 10:45:21'),(86,43,1,4,0,0,'2026-03-25 10:45:21','2026-03-25 10:45:21'),(87,44,4,4,0,0,'2026-03-25 10:45:22','2026-03-25 10:45:22'),(88,44,1,4,0,0,'2026-03-25 10:45:22','2026-03-25 10:45:22'),(89,45,4,4,0,0,'2026-03-25 10:45:22','2026-03-25 10:45:22'),(90,45,1,4,0,0,'2026-03-25 10:45:22','2026-03-25 10:45:22'),(91,46,4,4,0,0,'2026-03-25 10:45:23','2026-03-25 10:45:23'),(92,46,1,4,0,0,'2026-03-25 10:45:23','2026-03-25 10:45:23'),(93,47,4,4,0,0,'2026-03-25 10:45:23','2026-03-25 10:45:23'),(94,47,1,4,0,0,'2026-03-25 10:45:23','2026-03-25 10:45:23'),(95,48,4,4,0,0,'2026-03-25 10:45:24','2026-03-25 10:45:24'),(96,48,1,4,0,0,'2026-03-25 10:45:24','2026-03-25 10:45:24'),(97,49,4,4,0,0,'2026-03-25 10:45:24','2026-03-25 10:45:24'),(98,49,1,4,0,0,'2026-03-25 10:45:24','2026-03-25 10:45:24'),(99,50,4,4,0,0,'2026-03-25 10:45:25','2026-03-25 10:45:25'),(100,50,1,4,0,0,'2026-03-25 10:45:25','2026-03-25 10:45:25'),(101,51,4,4,0,0,'2026-03-25 10:45:25','2026-03-25 10:45:25'),(102,51,1,4,0,0,'2026-03-25 10:45:25','2026-03-25 10:45:25'),(103,52,4,4,0,0,'2026-03-25 10:45:26','2026-03-25 10:45:26'),(104,52,1,4,0,0,'2026-03-25 10:45:26','2026-03-25 10:45:26'),(105,53,4,4,0,0,'2026-03-25 10:45:27','2026-03-25 10:45:27'),(106,53,1,4,0,0,'2026-03-25 10:45:27','2026-03-25 10:45:27'),(107,54,4,4,0,0,'2026-03-25 10:45:29','2026-03-25 10:45:29'),(108,54,1,4,0,0,'2026-03-25 10:45:29','2026-03-25 10:45:29'),(109,55,4,4,0,0,'2026-03-25 10:45:29','2026-03-25 10:45:29'),(110,55,1,4,0,0,'2026-03-25 10:45:29','2026-03-25 10:45:29'),(111,56,4,4,0,0,'2026-03-25 10:45:30','2026-03-25 10:45:30'),(112,56,1,4,0,0,'2026-03-25 10:45:30','2026-03-25 10:45:30'),(113,57,4,4,0,0,'2026-03-25 10:45:31','2026-03-25 10:45:31'),(114,57,1,4,0,0,'2026-03-25 10:45:31','2026-03-25 10:45:31'),(115,58,4,4,0,0,'2026-03-25 10:45:32','2026-03-25 10:45:32'),(116,58,1,4,0,0,'2026-03-25 10:45:32','2026-03-25 10:45:32'),(117,59,4,4,0,0,'2026-03-25 10:45:32','2026-03-25 10:45:32'),(118,59,1,4,0,0,'2026-03-25 10:45:32','2026-03-25 10:45:32'),(119,60,4,4,0,0,'2026-03-25 10:45:33','2026-03-25 11:07:24'),(120,60,1,4,0,0,'2026-03-25 10:45:33','2026-03-26 09:05:55'),(121,61,4,4,0,0,'2026-03-25 10:45:33','2026-03-25 10:45:33'),(122,61,1,4,0,0,'2026-03-25 10:45:33','2026-03-25 10:45:33'),(123,62,4,3,0,0,'2026-03-25 10:49:41','2026-03-25 10:49:41'),(124,62,2,3,0,0,'2026-03-25 10:49:41','2026-03-25 10:49:41'),(125,63,5,5,0,0,'2026-03-25 10:49:59','2026-03-25 10:49:59'),(126,63,1,5,0,0,'2026-03-25 10:49:59','2026-03-25 10:49:59'),(127,64,1,5,0,0,'2026-03-25 10:52:02','2026-03-25 10:52:02'),(128,64,5,5,0,0,'2026-03-25 10:52:02','2026-03-25 10:52:02'),(129,65,5,5,0,0,'2026-03-25 10:57:28','2026-03-25 10:57:28'),(130,65,1,5,0,0,'2026-03-25 10:57:28','2026-03-25 10:57:28'),(131,66,5,5,0,0,'2026-03-25 10:58:05','2026-03-25 10:58:05'),(132,66,1,5,0,0,'2026-03-25 10:58:05','2026-03-25 10:58:05'),(133,67,5,5,0,0,'2026-03-25 10:58:32','2026-03-25 10:58:32'),(134,67,1,5,0,0,'2026-03-25 10:58:32','2026-03-25 10:58:32'),(135,68,5,5,0,0,'2026-03-25 10:58:45','2026-03-25 10:58:45'),(136,68,1,5,0,0,'2026-03-25 10:58:45','2026-03-25 10:58:45'),(137,69,1,5,0,0,'2026-03-25 11:03:07','2026-03-25 11:03:07'),(138,69,5,5,0,0,'2026-03-25 11:03:07','2026-03-25 11:03:07'),(139,70,1,5,0,0,'2026-03-25 11:28:59','2026-03-25 11:28:59'),(140,70,5,5,0,0,'2026-03-25 11:28:59','2026-03-25 11:28:59'),(141,71,2,6,0,0,'2026-03-25 11:29:58','2026-03-25 11:29:58'),(142,71,6,6,0,0,'2026-03-25 11:29:58','2026-03-25 11:29:58'),(143,72,2,6,0,0,'2026-03-25 11:30:10','2026-03-25 11:30:10'),(144,72,6,6,0,0,'2026-03-25 11:30:10','2026-03-25 11:30:10'),(145,73,1,5,0,0,'2026-03-25 11:30:19','2026-03-25 11:30:19'),(146,73,5,5,0,0,'2026-03-25 11:30:19','2026-03-25 11:30:19'),(147,74,2,6,0,0,'2026-03-25 11:31:02','2026-03-25 11:31:02'),(148,74,6,6,0,0,'2026-03-25 11:31:02','2026-03-25 11:31:02'),(149,75,4,3,0,0,'2026-03-25 11:31:18','2026-03-25 11:31:18'),(150,75,2,3,0,0,'2026-03-25 11:31:18','2026-03-25 11:31:18'),(151,76,4,3,0,0,'2026-03-25 11:31:32','2026-03-25 11:31:32'),(152,76,2,3,0,0,'2026-03-25 11:31:32','2026-03-25 11:31:32'),(153,78,1,5,0,0,'2026-03-25 11:36:37','2026-03-25 11:36:37'),(154,78,5,5,0,0,'2026-03-25 11:36:37','2026-03-25 11:36:37'),(155,79,2,6,0,0,'2026-03-25 11:36:40','2026-03-25 11:36:40'),(156,79,6,6,0,0,'2026-03-25 11:36:40','2026-03-25 11:36:40'),(157,80,2,6,0,0,'2026-03-25 11:38:32','2026-03-25 11:38:32'),(158,80,6,6,0,0,'2026-03-25 11:38:32','2026-03-25 11:38:32'),(159,81,2,1,0,0,'2026-03-25 11:39:32','2026-03-25 11:39:32'),(160,81,1,1,0,0,'2026-03-25 11:39:32','2026-03-25 11:39:32'),(161,82,2,1,0,0,'2026-03-25 11:39:32','2026-03-25 11:39:32'),(162,82,1,1,0,0,'2026-03-25 11:39:32','2026-03-25 11:39:32'),(163,83,2,3,0,0,'2026-03-25 11:39:35','2026-03-25 11:39:35'),(164,83,4,3,0,0,'2026-03-25 11:39:35','2026-03-25 11:39:35'),(165,84,2,3,0,0,'2026-03-25 11:39:37','2026-03-25 11:39:37'),(166,84,4,3,0,0,'2026-03-25 11:39:37','2026-03-25 11:39:37'),(167,85,2,3,0,0,'2026-03-25 11:39:37','2026-03-25 11:39:37'),(168,85,4,3,0,0,'2026-03-25 11:39:37','2026-03-25 11:39:37'),(169,86,2,3,0,0,'2026-03-25 11:39:37','2026-03-25 11:39:37'),(170,86,4,3,0,0,'2026-03-25 11:39:37','2026-03-25 11:39:37'),(171,87,2,6,0,0,'2026-03-25 11:40:03','2026-03-25 11:40:03'),(172,87,6,6,0,0,'2026-03-25 11:40:03','2026-03-25 11:40:03'),(173,90,2,6,0,0,'2026-03-25 11:40:12','2026-03-25 11:40:12'),(174,90,6,6,0,0,'2026-03-25 11:40:12','2026-03-25 11:40:12'),(175,88,2,6,0,0,'2026-03-25 11:40:12','2026-03-25 11:40:12'),(176,88,6,6,0,0,'2026-03-25 11:40:12','2026-03-25 11:40:12'),(177,91,2,6,0,0,'2026-03-25 11:40:12','2026-03-25 11:40:12'),(178,91,6,6,0,0,'2026-03-25 11:40:12','2026-03-25 11:40:12'),(179,89,2,6,0,0,'2026-03-25 11:40:12','2026-03-25 11:40:12'),(180,89,6,6,0,0,'2026-03-25 11:40:12','2026-03-25 11:40:12'),(181,92,2,3,0,0,'2026-03-25 11:40:19','2026-03-25 11:40:19'),(182,92,4,3,0,0,'2026-03-25 11:40:19','2026-03-25 11:40:19'),(183,93,2,3,0,0,'2026-03-25 11:40:21','2026-03-25 11:40:21'),(184,93,4,3,0,0,'2026-03-25 11:40:21','2026-03-25 11:40:21'),(185,94,2,3,0,0,'2026-03-25 11:40:22','2026-03-25 11:40:22'),(186,94,4,3,0,0,'2026-03-25 11:40:22','2026-03-25 11:40:22'),(187,95,2,3,0,0,'2026-03-25 11:40:24','2026-03-25 11:40:24'),(188,95,4,3,0,0,'2026-03-25 11:40:24','2026-03-25 11:40:24'),(189,96,2,3,0,0,'2026-03-25 11:40:27','2026-03-25 11:40:27'),(190,96,4,3,0,0,'2026-03-25 11:40:27','2026-03-25 11:40:27'),(191,97,2,3,0,0,'2026-03-25 11:40:29','2026-03-25 11:40:29'),(192,97,4,3,0,0,'2026-03-25 11:40:29','2026-03-25 11:40:29'),(193,99,1,5,0,0,'2026-03-25 11:41:59','2026-03-25 11:41:59'),(194,99,5,5,0,0,'2026-03-25 11:41:59','2026-03-25 11:41:59'),(195,100,1,5,0,0,'2026-03-25 11:42:21','2026-03-25 11:42:21'),(196,100,5,5,0,0,'2026-03-25 11:42:21','2026-03-25 11:42:21'),(197,101,4,3,0,0,'2026-03-25 11:53:20','2026-03-25 11:53:20'),(198,101,2,3,0,0,'2026-03-25 11:53:20','2026-03-25 11:53:20'),(199,102,4,3,0,0,'2026-03-25 11:53:21','2026-03-25 11:53:21'),(200,102,2,3,0,0,'2026-03-25 11:53:21','2026-03-25 11:53:21'),(201,103,4,3,0,0,'2026-03-25 11:53:22','2026-03-25 11:53:22'),(202,103,2,3,0,0,'2026-03-25 11:53:22','2026-03-25 11:53:22'),(203,104,4,3,0,0,'2026-03-25 11:53:23','2026-03-25 11:53:23'),(204,104,2,3,0,0,'2026-03-25 11:53:23','2026-03-25 11:53:23'),(205,105,4,3,0,0,'2026-03-25 11:53:24','2026-03-25 11:53:24'),(206,105,2,3,0,0,'2026-03-25 11:53:24','2026-03-25 11:53:24'),(207,106,4,3,0,0,'2026-03-25 11:53:25','2026-03-25 11:53:25'),(208,106,2,3,0,0,'2026-03-25 11:53:25','2026-03-25 11:53:25'),(209,107,4,3,0,0,'2026-03-25 11:53:26','2026-03-25 11:53:26'),(210,107,2,3,0,0,'2026-03-25 11:53:26','2026-03-25 11:53:26'),(211,108,4,3,0,0,'2026-03-25 11:53:27','2026-03-25 11:53:27'),(212,108,2,3,0,0,'2026-03-25 11:53:27','2026-03-25 11:53:27'),(213,109,4,3,0,0,'2026-03-25 11:53:28','2026-03-25 11:53:28'),(214,109,2,3,0,0,'2026-03-25 11:53:28','2026-03-25 11:53:28'),(215,110,4,3,0,0,'2026-03-25 11:53:29','2026-03-25 11:53:29'),(216,110,2,3,0,0,'2026-03-25 11:53:29','2026-03-25 11:53:29'),(217,111,4,3,0,0,'2026-03-25 11:53:41','2026-03-25 11:53:41'),(218,111,2,3,0,0,'2026-03-25 11:53:41','2026-03-25 11:53:41'),(219,112,4,3,0,0,'2026-03-25 11:53:41','2026-03-25 11:53:41'),(220,112,2,3,0,0,'2026-03-25 11:53:41','2026-03-25 11:53:41'),(221,115,4,3,0,0,'2026-03-25 11:53:41','2026-03-25 11:53:41'),(222,115,2,3,0,0,'2026-03-25 11:53:41','2026-03-25 11:53:41'),(223,114,4,3,0,0,'2026-03-25 11:53:41','2026-03-25 11:53:41'),(224,114,2,3,0,0,'2026-03-25 11:53:41','2026-03-25 11:53:41'),(225,113,4,3,0,0,'2026-03-25 11:53:41','2026-03-25 11:53:41'),(226,113,2,3,0,0,'2026-03-25 11:53:41','2026-03-25 11:53:41'),(227,116,4,3,0,0,'2026-03-25 11:53:41','2026-03-25 11:53:41'),(228,116,2,3,0,0,'2026-03-25 11:53:41','2026-03-25 11:53:41'),(229,117,7,7,0,0,'2026-03-25 11:57:55','2026-03-26 07:21:52'),(230,117,1,7,0,0,'2026-03-25 11:57:55','2026-03-25 11:57:55'),(231,118,1,7,0,0,'2026-03-25 11:59:38','2026-03-25 11:59:38'),(232,118,7,7,0,0,'2026-03-25 11:59:38','2026-03-25 11:59:38'),(233,119,1,7,0,0,'2026-03-25 12:00:48','2026-03-25 12:00:48'),(234,119,7,7,0,0,'2026-03-25 12:00:48','2026-03-25 12:00:48'),(235,120,1,7,0,0,'2026-03-25 12:01:46','2026-03-25 12:01:46'),(236,120,7,7,0,0,'2026-03-25 12:01:46','2026-03-25 12:01:46'),(237,121,6,6,0,0,'2026-03-25 12:03:22','2026-03-25 12:03:22'),(238,121,2,6,0,0,'2026-03-25 12:03:22','2026-03-25 12:03:22'),(239,122,4,8,0,0,'2026-03-25 12:03:36','2026-03-25 12:03:36'),(240,122,6,8,0,0,'2026-03-25 12:03:36','2026-03-25 12:03:36'),(241,123,4,8,0,0,'2026-03-25 12:03:56','2026-03-25 12:03:56'),(242,123,6,8,0,0,'2026-03-25 12:03:56','2026-03-25 12:03:56'),(243,124,6,8,0,0,'2026-03-25 12:04:21','2026-03-25 12:04:21'),(244,124,4,8,0,0,'2026-03-25 12:04:21','2026-03-25 12:04:21'),(245,125,4,8,0,0,'2026-03-25 12:04:29','2026-03-25 12:04:29'),(246,125,6,8,0,0,'2026-03-25 12:04:29','2026-03-25 12:04:29'),(247,126,6,8,0,0,'2026-03-25 12:04:50','2026-03-25 12:04:50'),(248,126,4,8,0,0,'2026-03-25 12:04:50','2026-03-25 12:04:50'),(249,127,4,8,0,0,'2026-03-25 12:05:09','2026-03-25 12:05:09'),(250,127,6,8,0,0,'2026-03-25 12:05:09','2026-03-25 12:05:09'),(251,128,6,8,0,0,'2026-03-25 12:07:27','2026-03-25 12:07:27'),(252,128,4,8,0,0,'2026-03-25 12:07:27','2026-03-25 12:07:27'),(253,129,4,8,0,0,'2026-03-25 12:07:40','2026-03-25 12:07:40'),(254,129,6,8,0,0,'2026-03-25 12:07:40','2026-03-25 12:07:40'),(255,130,6,8,0,0,'2026-03-25 12:07:55','2026-03-25 12:07:55'),(256,130,4,8,0,0,'2026-03-25 12:07:55','2026-03-25 12:07:55'),(257,131,4,8,0,0,'2026-03-25 12:08:02','2026-03-25 12:08:02'),(258,131,6,8,0,0,'2026-03-25 12:08:02','2026-03-25 12:08:02'),(259,132,8,9,0,0,'2026-03-26 04:48:59','2026-03-26 04:48:59'),(260,132,2,9,0,0,'2026-03-26 04:48:59','2026-03-26 04:48:59'),(261,133,8,9,0,0,'2026-03-26 04:49:33','2026-03-26 04:49:33'),(262,133,2,9,0,0,'2026-03-26 04:49:33','2026-03-26 04:49:33'),(263,134,2,9,0,0,'2026-03-26 04:49:39','2026-03-26 04:49:39'),(264,134,8,9,0,0,'2026-03-26 04:49:39','2026-03-26 04:49:39'),(265,135,8,9,0,0,'2026-03-26 04:55:47','2026-03-26 04:55:47'),(266,135,2,9,0,0,'2026-03-26 04:55:47','2026-03-26 04:55:47'),(267,136,7,7,0,0,'2026-03-26 07:07:02','2026-03-26 07:07:02'),(268,136,1,7,0,0,'2026-03-26 07:07:02','2026-03-26 07:07:02'),(269,137,7,7,0,0,'2026-03-26 07:07:03','2026-03-26 07:07:03'),(270,137,1,7,0,0,'2026-03-26 07:07:03','2026-03-26 07:07:03'),(271,138,7,7,0,0,'2026-03-26 07:07:04','2026-03-26 07:07:04'),(272,138,1,7,0,0,'2026-03-26 07:07:04','2026-03-26 07:07:04'),(273,139,7,7,0,0,'2026-03-26 07:07:06','2026-03-26 07:07:06'),(274,139,1,7,0,0,'2026-03-26 07:07:06','2026-03-26 07:07:06'),(275,140,7,7,0,0,'2026-03-26 07:07:09','2026-03-26 07:07:09'),(276,140,1,7,0,0,'2026-03-26 07:07:09','2026-03-26 07:07:09'),(277,141,7,7,0,0,'2026-03-26 07:07:11','2026-03-26 07:07:11'),(278,141,1,7,0,0,'2026-03-26 07:07:11','2026-03-26 07:07:11'),(279,142,7,7,0,0,'2026-03-26 07:07:12','2026-03-26 07:07:12'),(280,142,1,7,0,0,'2026-03-26 07:07:12','2026-03-26 07:07:12'),(281,143,7,7,0,0,'2026-03-26 07:07:13','2026-03-26 07:07:13'),(282,143,1,7,0,0,'2026-03-26 07:07:13','2026-03-26 07:07:13'),(283,144,1,4,0,0,'2026-03-26 07:33:02','2026-03-26 07:33:02'),(284,144,4,4,0,0,'2026-03-26 07:33:02','2026-03-26 07:33:02'),(285,145,1,1,0,0,'2026-03-26 07:42:15','2026-03-26 07:42:15'),(286,145,2,1,0,0,'2026-03-26 07:42:15','2026-03-26 07:42:15'),(287,146,2,1,0,0,'2026-03-26 07:47:09','2026-03-26 07:47:09'),(288,146,1,1,0,0,'2026-03-26 07:47:09','2026-03-26 07:47:09'),(289,147,2,9,0,0,'2026-03-26 08:55:05','2026-03-26 08:55:05'),(290,147,8,9,0,0,'2026-03-26 08:55:05','2026-03-26 08:55:05'),(291,148,2,9,0,0,'2026-03-26 08:56:59','2026-03-26 08:56:59'),(292,148,8,9,0,0,'2026-03-26 08:56:59','2026-03-26 08:56:59'),(293,149,2,9,0,0,'2026-03-26 08:57:41','2026-03-26 08:57:41'),(294,149,8,9,0,0,'2026-03-26 08:57:41','2026-03-26 08:57:41'),(295,150,1,4,0,0,'2026-03-26 09:06:27','2026-03-26 09:06:27'),(296,150,4,4,0,0,'2026-03-26 09:06:27','2026-03-26 09:06:27'),(297,151,1,4,0,0,'2026-03-26 09:10:58','2026-03-26 09:10:58'),(298,151,4,4,0,0,'2026-03-26 09:10:58','2026-03-26 09:10:58'),(299,152,1,4,0,0,'2026-03-26 09:11:08','2026-03-26 09:11:08'),(300,152,4,4,0,0,'2026-03-26 09:11:08','2026-03-26 09:11:08'),(301,153,1,4,0,0,'2026-03-26 09:14:42','2026-03-26 09:14:42'),(302,153,4,4,0,0,'2026-03-26 09:14:42','2026-03-26 09:14:42'),(303,154,1,1,0,0,'2026-03-26 09:15:53','2026-03-26 09:15:53'),(304,154,2,1,0,0,'2026-03-26 09:15:53','2026-03-26 09:15:53'),(305,155,1,1,0,0,'2026-03-26 09:21:53','2026-03-26 09:21:53'),(306,155,2,1,0,0,'2026-03-26 09:21:53','2026-03-26 09:21:53'),(307,156,1,1,0,0,'2026-03-26 09:32:19','2026-03-26 09:32:19'),(308,156,2,1,0,0,'2026-03-26 09:32:19','2026-03-26 09:32:19'),(309,157,1,1,0,0,'2026-03-26 09:58:33','2026-03-26 09:58:33'),(310,157,2,1,0,0,'2026-03-26 09:58:33','2026-03-26 09:58:33'),(311,158,1,1,0,0,'2026-03-26 09:59:49','2026-03-26 09:59:49'),(312,158,2,1,0,0,'2026-03-26 09:59:49','2026-03-26 09:59:49'),(313,159,2,1,0,0,'2026-03-26 10:00:07','2026-03-26 10:00:07'),(314,159,1,1,0,0,'2026-03-26 10:00:07','2026-03-26 10:00:07'),(315,160,2,1,0,0,'2026-03-26 10:00:15','2026-03-26 10:00:15'),(316,160,1,1,0,0,'2026-03-26 10:00:15','2026-03-26 10:00:15'),(317,161,2,1,0,0,'2026-03-26 10:03:41','2026-03-26 10:03:41'),(318,161,1,1,0,0,'2026-03-26 10:03:41','2026-03-26 10:03:41'),(319,162,2,1,0,0,'2026-03-26 10:05:11','2026-03-26 10:05:11'),(320,162,1,1,0,0,'2026-03-26 10:05:11','2026-03-26 10:05:11'),(321,163,2,1,0,0,'2026-03-26 10:06:50','2026-03-26 10:06:50'),(322,163,1,1,0,0,'2026-03-26 10:06:50','2026-03-26 10:06:50'),(323,164,2,1,0,0,'2026-03-26 10:08:43','2026-03-26 10:08:43'),(324,164,1,1,0,0,'2026-03-26 10:08:43','2026-03-26 10:08:43'),(325,165,2,1,0,0,'2026-03-26 10:08:59','2026-03-26 10:08:59'),(326,165,1,1,0,0,'2026-03-26 10:08:59','2026-03-26 10:08:59'),(327,166,1,1,0,0,'2026-03-26 10:09:08','2026-03-26 10:09:08'),(328,166,2,1,0,0,'2026-03-26 10:09:08','2026-03-26 10:09:08'),(329,167,1,1,0,0,'2026-03-26 10:10:05','2026-03-26 10:10:05'),(330,167,2,1,0,0,'2026-03-26 10:10:05','2026-03-26 10:10:05'),(331,168,1,1,0,0,'2026-03-26 10:10:24','2026-03-26 10:10:24'),(332,168,2,1,0,0,'2026-03-26 10:10:24','2026-03-26 10:10:24'),(333,169,2,1,0,0,'2026-03-26 10:10:45','2026-03-26 10:10:45'),(334,169,1,1,0,0,'2026-03-26 10:10:45','2026-03-26 10:10:45'),(335,170,2,1,0,0,'2026-03-26 11:25:48','2026-03-26 11:25:48'),(336,170,1,1,0,0,'2026-03-26 11:25:48','2026-03-26 11:25:48'),(337,171,2,9,0,0,'2026-03-26 12:02:55','2026-03-26 12:02:55'),(338,171,8,9,0,0,'2026-03-26 12:02:55','2026-03-26 12:02:55'),(339,172,8,9,0,0,'2026-03-26 12:26:08','2026-03-26 12:26:08'),(340,172,2,9,0,0,'2026-03-26 12:26:08','2026-03-26 12:26:08'),(341,173,2,9,0,0,'2026-03-27 06:29:30','2026-03-27 06:29:30'),(342,173,8,9,0,0,'2026-03-27 06:29:30','2026-03-27 06:29:30'),(343,174,2,1,0,0,'2026-03-27 07:41:20','2026-03-27 07:41:20'),(344,174,1,1,0,0,'2026-03-27 07:41:20','2026-03-27 07:41:20'),(345,175,1,1,0,0,'2026-03-27 09:13:50','2026-03-27 09:13:50'),(346,175,2,1,0,0,'2026-03-27 09:13:50','2026-03-27 09:13:50'),(347,176,2,1,0,0,'2026-03-27 09:30:29','2026-03-27 09:30:29'),(348,176,1,1,0,0,'2026-03-27 09:30:29','2026-03-27 09:30:29'),(349,177,2,1,0,0,'2026-03-27 09:31:32','2026-03-27 09:31:32'),(350,177,1,1,0,0,'2026-03-27 09:31:32','2026-03-27 09:31:32'),(351,178,1,1,0,0,'2026-03-27 09:32:28','2026-03-27 09:32:28'),(352,178,2,1,0,0,'2026-03-27 09:32:28','2026-03-27 09:32:28'),(353,179,1,1,0,0,'2026-03-27 09:34:37','2026-03-27 09:34:37'),(354,179,2,1,0,0,'2026-03-27 09:34:37','2026-03-27 09:34:37'),(355,180,1,1,0,0,'2026-03-27 09:38:30','2026-03-27 09:38:30'),(356,180,2,1,0,0,'2026-03-27 09:38:30','2026-03-27 09:38:30');
/*!40000 ALTER TABLE `message_settings` ENABLE KEYS */;
UNLOCK TABLES;

--
-- Table structure for table `messages`
--

DROP TABLE IF EXISTS `messages`;
/*!40101 SET @saved_cs_client     = @@character_set_client */;
/*!50503 SET character_set_client = utf8mb4 */;
CREATE TABLE `messages` (
  `id` int NOT NULL AUTO_INCREMENT,
  `sender_id` int NOT NULL,
  `receiver_id` int NOT NULL,
  `chat_id` int NOT NULL,
  `text` text,
  `image_url` varchar(255) DEFAULT NULL,
  `reply_to` int DEFAULT NULL,
  `is_pin` tinyint(1) DEFAULT '0',
  `status` enum('sent','delivered','seen') DEFAULT 'sent',
  `delete_for_all` tinyint(1) DEFAULT '0',
  `createdAt` datetime NOT NULL,
  `updatedAt` datetime DEFAULT NULL,
  PRIMARY KEY (`id`),
  KEY `sender_id` (`sender_id`),
  KEY `chat_id` (`chat_id`),
  KEY `messages_reply_to_foreign_idx` (`reply_to`),
  CONSTRAINT `messages_ibfk_1` FOREIGN KEY (`sender_id`) REFERENCES `users` (`id`) ON DELETE CASCADE ON UPDATE CASCADE,
  CONSTRAINT `messages_ibfk_2` FOREIGN KEY (`chat_id`) REFERENCES `chats` (`id`) ON DELETE CASCADE ON UPDATE CASCADE,
  CONSTRAINT `messages_reply_to_foreign_idx` FOREIGN KEY (`reply_to`) REFERENCES `messages` (`id`)
) ENGINE=InnoDB AUTO_INCREMENT=181 DEFAULT CHARSET=utf8mb4 COLLATE=utf8mb4_0900_ai_ci;
/*!40101 SET character_set_client = @saved_cs_client */;

--
-- Dumping data for table `messages`
--

LOCK TABLES `messages` WRITE;
/*!40000 ALTER TABLE `messages` DISABLE KEYS */;
INSERT INTO `messages` VALUES (1,1,2,1,'cb251af9310413bf34dc924f1dcb10e1:b6d16e5fc8b814dd17cd043eb7d4d4f9',NULL,NULL,0,'seen',0,'2026-03-25 10:07:07','2026-03-27 09:39:11'),(2,1,2,1,'096922abb634363353b85441a076c9ed:900c41a891ad858ea35f3e20f3031e99',NULL,NULL,0,'seen',0,'2026-03-25 10:07:19','2026-03-27 09:39:11'),(3,3,1,2,'4a2837826bc9950f1601bd3ee9cbda8f:492a5cfe7970534bb67303fa593fbfbd',NULL,NULL,1,'seen',0,'2026-03-25 10:07:59','2026-03-26 09:57:18'),(4,1,3,2,'201bb069899b0b383dbc70cefb27aabb:251b90ddf6d93d75ddaee78a350104db',NULL,NULL,1,'sent',0,'2026-03-25 10:09:36','2026-03-25 10:10:02'),(5,3,1,2,NULL,'[\"https://res.cloudinary.com/dwtumdptw/image/upload/v1774433482/chat_images/images1774433478433-281308608_qdkat3.jpg\"]',NULL,0,'seen',0,'2026-03-25 10:11:22','2026-03-26 09:57:18'),(6,1,3,2,'a2f314f3b75032dc5eac612c3030d972:00eadead937f1d825250e5b483a55922',NULL,NULL,0,'sent',0,'2026-03-25 10:12:12','2026-03-25 10:12:12'),(7,1,3,2,'2e46da54b1939b9002ff59cf1c9f3e1b:bffd620c3b13e935f79c2800125fa4a3',NULL,NULL,0,'sent',0,'2026-03-25 10:12:42','2026-03-25 10:12:42'),(8,1,3,2,'2077a36e5562e3f5a5079d6726fb9b82:6b431c6ceeb35b721108ce2134945111',NULL,NULL,0,'sent',0,'2026-03-25 10:12:59','2026-03-25 10:12:59'),(9,3,1,2,'89bc61299d7bcbb116bf7975fb3300b8:e1974c374cb02748d1e98da2245e49f3',NULL,NULL,0,'seen',0,'2026-03-25 10:13:11','2026-03-26 09:57:18'),(10,3,1,2,'a6bd1fa119587dbbe700347847bb0c97:a8a05aae4db2f41504ab0118ea25af63',NULL,NULL,0,'seen',0,'2026-03-25 10:13:31','2026-03-26 09:57:18'),(11,4,2,3,'c2f2d641a29f76e97bd22963b9620436:7f96bf121c2219c7e457bede75da6605',NULL,NULL,0,'seen',0,'2026-03-25 10:25:02','2026-03-27 09:02:04'),(12,4,2,3,'0537d13dd88cfba42216633dc7eaf0c1:e7c39521a955f3e7117be2399e9598fa',NULL,NULL,0,'seen',0,'2026-03-25 10:25:37','2026-03-27 09:02:04'),(13,4,2,3,'0f26d2ef3e28c24d43c38856d1686ad8:aedde3e1d40526f4e32f798bd1813e41',NULL,NULL,0,'seen',0,'2026-03-25 10:25:38','2026-03-27 09:02:04'),(14,4,2,3,'525d141cb068da4cbd3195585728d879:4d52bff038f325b159edf4f3b8aef782',NULL,NULL,0,'seen',0,'2026-03-25 10:25:38','2026-03-27 09:02:04'),(15,4,2,3,'ed01cbee7f37d7359a4253c1be9977c3:2155a68d506668e0312eab2af517e6ab',NULL,NULL,0,'seen',0,'2026-03-25 10:25:38','2026-03-27 09:02:04'),(16,4,2,3,'22837c9b7b2691ac93b9b73044d0dc09:ae0c3f7056dc895997c6ab36f4947065',NULL,NULL,0,'seen',0,'2026-03-25 10:25:38','2026-03-27 09:02:04'),(17,4,2,3,'baedd3c4336ccffedf3b8e77a07d0918:e7c6560e92c4523b7f96488636c36a4a',NULL,NULL,0,'seen',0,'2026-03-25 10:25:39','2026-03-27 09:02:04'),(18,4,2,3,'c80674380cbafd044499fa7da412dac1:6931b69e2a4de7f0826e43ffc14d2a6a',NULL,NULL,0,'seen',0,'2026-03-25 10:25:39','2026-03-27 09:02:04'),(19,4,2,3,'d42189f13dfece2a0cfd4e5182cac410:38b052f80740dc228e597df7e0712831',NULL,NULL,1,'seen',0,'2026-03-25 10:25:39','2026-03-27 09:02:04'),(20,4,1,4,'a108e3f9f90560003818dac607ed118b:508fb729317d51187287e4a73a9a2851',NULL,NULL,0,'seen',0,'2026-03-25 10:27:05','2026-03-27 07:41:25'),(21,5,1,5,'de85d4a11bcec20d04985674c246a014:607fe8c0a5322d4f7ce8d0d343e6b629',NULL,NULL,0,'seen',0,'2026-03-25 10:34:02','2026-03-26 09:57:14'),(22,1,5,5,'448e52cbb9b3c5c68380b04440d0f2c0:3cd972337a1bd5edd33205f2e97f67f0',NULL,NULL,0,'sent',0,'2026-03-25 10:34:44','2026-03-25 10:36:57'),(23,5,1,5,'84105d0df04c3ac77d367b30c8a500d2:8a4a36807880f66017a0c8285fe867be',NULL,NULL,0,'seen',0,'2026-03-25 10:35:47','2026-03-26 09:57:14'),(24,5,1,5,'81ed609b8693863105a88812ef2d5bf2:0523df4adc3d62c4d41e4ec70c39600f23bf0495f3bb465828e397998b0de6ed',NULL,NULL,0,'seen',0,'2026-03-25 10:35:54','2026-03-26 09:57:14'),(25,1,5,5,'163020760472d6796fb525aeda5bba19:aa63fb13fc94115470880a41182fb4323f0339563ef3796ae565adbaa399a9df',NULL,NULL,0,'sent',0,'2026-03-25 10:36:15','2026-03-25 10:36:15'),(26,5,1,5,'c82c382ce2d787c3b1cdcbe1c8b90507:322b726b2aff01aee2b021950cc9834b',NULL,NULL,0,'seen',0,'2026-03-25 10:38:44','2026-03-26 09:57:14'),(27,1,4,4,'db48b4910e2a0368dd4bf1bf28322c9b:e9ff28045501aa7be9f4ad77eed02cec',NULL,NULL,0,'sent',1,'2026-03-25 10:39:06','2026-03-25 10:39:11'),(28,5,1,5,'f3c9ba9aa5a8dacc66b8bd7c251302bb:aa5391e2efd17f06325723f6b14bcaf8',NULL,NULL,0,'seen',0,'2026-03-25 10:42:39','2026-03-26 09:57:14'),(29,1,5,5,'f739cb58c23fc80280f3e443bc5ea05f:a893089827bb1fa2a1e555bd8bd39445',NULL,NULL,0,'sent',0,'2026-03-25 10:42:48','2026-03-25 10:42:48'),(30,5,1,5,'9f3a222cfb4ecba79e648f8dd50dab76:abc7bb1e14a8ce754735a971f4dc020a1c3e97828bfed4335e3a834c2e820421',NULL,NULL,0,'seen',0,'2026-03-25 10:43:11','2026-03-26 09:57:14'),(31,5,1,5,'09da133abe16a649c52e9fdfe562beb7:c74bc234e9ecf2bdaee167376f954d9d0b3bf743b811f13d307bbf43c994b92c36bfa789ed3dda7eafff1d95fd030a12',NULL,NULL,0,'seen',0,'2026-03-25 10:43:29','2026-03-26 09:57:14'),(32,4,1,4,'a693b15a0bd80f43107f5d08543fa192:09f4a81aa49cc24e5589972ab2b3f8eb',NULL,20,0,'seen',0,'2026-03-25 10:43:42','2026-03-27 07:41:25'),(33,1,5,5,'5f9e5fc62bbe85fd3c0497379aed4e3b:de4116f913027843108b6b08bdaef6da31cf631248df9fe9c9082064e7d8c32f',NULL,30,0,'sent',0,'2026-03-25 10:44:19','2026-03-25 10:44:19'),(34,4,1,4,'b19708249f5d76b30a175ca5a5014b1d:ac37f02a465c4980b560d56e462e69a9',NULL,NULL,0,'seen',0,'2026-03-25 10:44:28','2026-03-27 07:41:25'),(35,1,4,4,'15307184b3c251a613065d91b8328a1a:3f1143f4cc5e07c85bfea49655f96338',NULL,NULL,1,'sent',0,'2026-03-25 10:44:41','2026-03-25 10:44:52'),(36,4,1,4,'89fcfc2f41bc186631d9eb548f6f4a53:1bcd45423cdb9fea7f87f59631adf9ae',NULL,NULL,0,'seen',0,'2026-03-25 10:45:18','2026-03-27 07:41:25'),(37,4,1,4,'2251ed747c5adaab0b75aae6eadf6f0f:5d0a3168b9c1c6f83d1efad9c7f435da',NULL,NULL,0,'seen',0,'2026-03-25 10:45:18','2026-03-27 07:41:25'),(38,4,1,4,'63238266172f36fadb0d96e245496bfd:2e23e3428d7264e726fe12b4966eb79a',NULL,NULL,0,'seen',0,'2026-03-25 10:45:18','2026-03-27 07:41:25'),(39,4,1,4,'8a2afa3f74b909fbcf90cc0810fa3552:beb4d4356b3d1c39483a8ef6386ccdd5',NULL,NULL,0,'seen',0,'2026-03-25 10:45:19','2026-03-27 07:41:25'),(40,4,1,4,'18fb61ea2fa29fb4c97b2ac411957531:2e0ca9a453129157c0092f7e38fbd6d1',NULL,NULL,0,'seen',0,'2026-03-25 10:45:19','2026-03-27 07:41:25'),(41,4,1,4,'8a7cfdffccb9e7bf5b97f91f2f908f56:510c31978b4a0c82879f8722930d2aed',NULL,NULL,0,'seen',0,'2026-03-25 10:45:19','2026-03-27 07:41:25'),(42,4,1,4,'11221b2ac5527336fe560430fe8bd37f:29455c8d44350f3ff25bd85e30d02ac2',NULL,NULL,0,'seen',0,'2026-03-25 10:45:20','2026-03-27 07:41:25'),(43,4,1,4,'39b0f8124a8d5c65272d3a730571dc24:0391daf165f4bc0a638c90a278f01998',NULL,NULL,0,'seen',0,'2026-03-25 10:45:21','2026-03-27 07:41:25'),(44,4,1,4,'d9a54d9acfc27dc53aadb8dc1e3a16e0:704efb19ce1caa1441033e9e80639cd2',NULL,NULL,0,'seen',0,'2026-03-25 10:45:22','2026-03-27 07:41:25'),(45,4,1,4,'5e8799620413f1520b8e57a5ab82e87d:a84a946dacf0378dbb6de510698e1de2',NULL,NULL,0,'seen',0,'2026-03-25 10:45:22','2026-03-27 07:41:25'),(46,4,1,4,'b61693e5198028ee71ce04b54df308fd:bdf95a1a433790a7cf27628500033f8d',NULL,NULL,0,'seen',0,'2026-03-25 10:45:23','2026-03-27 07:41:25'),(47,4,1,4,'7a6a78fc101eb4b7ca30ceeeebe0f44d:5a80b330af03c3535b398dc76a9bfd9e',NULL,NULL,0,'seen',0,'2026-03-25 10:45:23','2026-03-27 07:41:25'),(48,4,1,4,'96b32d61502d9347af550e8acebaba9c:91873616e50a44ab9cd79c0c471f9d07',NULL,NULL,0,'seen',0,'2026-03-25 10:45:24','2026-03-27 07:41:25'),(49,4,1,4,'79fc7d7bc7c9b97ad0ebb6c5223d8d13:aa26fad8bcf40379e0e4463e88b39ef9',NULL,NULL,0,'seen',0,'2026-03-25 10:45:24','2026-03-27 07:41:25'),(50,4,1,4,'3ece6a9c0e217ab23c38940d6b408c2a:18a803acf95792278f92e74aa1e4debf',NULL,NULL,0,'seen',0,'2026-03-25 10:45:25','2026-03-27 07:41:25'),(51,4,1,4,'83f607de5fca8751444d1ed98668b4fb:72017d22942c275a7baecd8351870aeb',NULL,NULL,0,'seen',0,'2026-03-25 10:45:25','2026-03-27 07:41:25'),(52,4,1,4,'bb2ad1f19fb7a5ace7040bae9d86dde7:f3e918b4c062f7cf6ed40f4b1257de61',NULL,NULL,0,'seen',0,'2026-03-25 10:45:26','2026-03-27 07:41:25'),(53,4,1,4,'5a0ff0ca3c2026cd44ad4e7f3500f8b5:5f1a2d5d3984c188bec560b56a601804',NULL,NULL,0,'seen',0,'2026-03-25 10:45:27','2026-03-27 07:41:25'),(54,4,1,4,'b1ff589d5d628194e306abefd37fd374:b425ecc454cfa36345d33ae40bca21a4',NULL,NULL,0,'seen',0,'2026-03-25 10:45:29','2026-03-27 07:41:25'),(55,4,1,4,'ec972c47dfbb9a99a6af14687f7f0bec:7cddab4597286413470e04ddee22fa52',NULL,NULL,0,'seen',0,'2026-03-25 10:45:29','2026-03-27 07:41:25'),(56,4,1,4,'4b0f505b8f81467eeaab99b1c5c8370e:139830b229efc2fe896a4bc11e04c46a',NULL,NULL,0,'seen',0,'2026-03-25 10:45:30','2026-03-27 07:41:25'),(57,4,1,4,'38d6c2c956763559febf3f980d48198c:cce4add8021d87404bba0934606c33c0',NULL,NULL,0,'seen',0,'2026-03-25 10:45:31','2026-03-27 07:41:25'),(58,4,1,4,'4592b4171fb920be1198a7eb359a8302:a0560a4d3d3b55675b76cbe346e859c4',NULL,NULL,0,'seen',0,'2026-03-25 10:45:32','2026-03-27 07:41:25'),(59,4,1,4,'04c11264cc1566813d7850e6ee907b0b:4ae71a22c9d781cded3243f44e521bf4',NULL,NULL,0,'seen',0,'2026-03-25 10:45:32','2026-03-27 07:41:25'),(60,4,1,4,'36eb48a539946ff98f79531ea47562e4:b8b07b0951637d8e31d0ee84f5c90468',NULL,NULL,0,'seen',0,'2026-03-25 10:45:33','2026-03-27 07:41:25'),(61,4,1,4,'0aba8ae6b21d2406e3755f262b8c7608:eea94bbb26ebecc813909ee6860036ac',NULL,NULL,0,'seen',0,'2026-03-25 10:45:33','2026-03-27 07:41:25'),(62,4,2,3,'2396da9152ac040934562f6ca02fd36d:4ab5d5be8578fdcdd28cfa75738ed3ac',NULL,NULL,0,'seen',0,'2026-03-25 10:49:41','2026-03-27 09:02:04'),(63,5,1,5,'dd42a56d203d28248f218d80ca7f0698:2e09aa9ca5035913872c0eb7226da40b',NULL,NULL,0,'seen',0,'2026-03-25 10:49:59','2026-03-26 09:57:14'),(64,1,5,5,'c6fe1cfdd60318ce72f3e5104adae355:6dbfcbed5f0e7dd77cf6a2c8aa7200b6',NULL,63,0,'sent',0,'2026-03-25 10:52:02','2026-03-25 10:52:02'),(65,5,1,5,'a0488be3606e0c4c106fd390a0785047:874827feb50f6ce680f14e02e60ba47e306fd643a608c281af740ccc83a62d68',NULL,NULL,0,'seen',0,'2026-03-25 10:57:28','2026-03-26 09:57:14'),(66,5,1,5,NULL,'[\"https://res.cloudinary.com/dwtumdptw/image/upload/v1774436285/chat_images/images1774436280465-756942612_flf7ks.png\"]',NULL,0,'seen',0,'2026-03-25 10:58:05','2026-03-26 09:57:14'),(67,5,1,5,'df10144224ae2f493474be6f8f34a896:b10645bcdd2e2559bb245a112862f23433ff52254e705a91bb51f54f609ff775',NULL,NULL,0,'seen',0,'2026-03-25 10:58:32','2026-03-26 09:57:14'),(68,5,1,5,'8dac57f327cfeee8f17cc26ac00bf816:cebd3d25ea8904f6ed8f3850856b4da0',NULL,66,0,'seen',0,'2026-03-25 10:58:44','2026-03-26 09:57:14'),(69,1,5,5,'e51833d4fb067bbe022ee9b8705967e6:5f33208661e45176f32a63aa8848a289',NULL,NULL,0,'sent',0,'2026-03-25 11:03:06','2026-03-25 11:03:06'),(70,1,5,5,NULL,'[\"https://res.cloudinary.com/dwtumdptw/image/upload/v1774438139/chat_images/images1774438134294-613618520_nj6mvt.png\",\"https://res.cloudinary.com/dwtumdptw/image/upload/v1774438139/chat_images/images1774438134315-140876081_fkcmat.png\"]',NULL,0,'sent',0,'2026-03-25 11:28:59','2026-03-25 11:28:59'),(71,2,6,6,'92d9e1d8b4722041ee738e341bc47d07:8afae486af597c2043214d2b1a00c3c9',NULL,NULL,0,'sent',0,'2026-03-25 11:29:58','2026-03-25 11:29:58'),(72,2,6,6,'eabcf68a8523b1c3b34e42aab6943998:e9cff98e5507c4151d40b64ec53ee879',NULL,NULL,0,'sent',0,'2026-03-25 11:30:10','2026-03-25 11:30:10'),(73,1,5,5,'de0b1cb76ab5d67ea6f46b36edc3eca2:970ce7ccdf64be28fc13b70def19e37e',NULL,NULL,0,'sent',0,'2026-03-25 11:30:19','2026-03-25 11:30:19'),(74,2,6,6,'329058f0df85beff0623da39d3d030bb:9cdf33bb6d187007fbc9dab617d6831c',NULL,NULL,0,'sent',0,'2026-03-25 11:31:02','2026-03-25 11:31:02'),(75,4,2,3,'b1ecac62ca2794c5350a872537d1500a:670c147b75432a133974106846923d71',NULL,NULL,0,'seen',0,'2026-03-25 11:31:18','2026-03-27 09:02:04'),(76,4,2,3,'e2ea9b0b59cbcf0aa8dc37a912c790e2:d0a915676f6c18ecb0e7f85022229c68',NULL,NULL,0,'seen',0,'2026-03-25 11:31:32','2026-03-27 09:02:04'),(77,1,5,5,'d27470ab0859d24e9c4889eb59ec6316:1bcb23a3d8932d2cb60409b5d19fcbf475a18fff4e518b6f2c25d7282b16ab389f84158dc5a70c6c17a2f3b7ae47a4b81292557bc1895df4f0c57da69269956cd48654e39128df22b8dfa2edee913564e5fa86940cbaa4bc84089bb1acab7d096d4600d43f680f0033d0fa5a5d3c6c2352ab07c419ab854f2c2b0b6fd8b493e9fc1a4c49add12c8ddb5df88fbfa81b5fb9ae5e1c426e03049c3a1de69d6a65b41c8557653c013de05c11f12417503e1e2e67e81642bd37f4544d223041e1491ae3772ecfb5f7b6023517b8791a4925089d56b13f48e20e7a0c63df88e7ba2ff0346b10b3b1500ea18bb05583e82bce3b044ab4aad16bb3ac93fa2e320d3bc93183a4a24e03c25c808a5be7221ff71a234ce3f6d9fce5d6ee4b26f328f1e1be2db9403cf58d8d40ab9938dcfedf6f3552f95b1bf8bb3a3022baa9bb7a6a7d902d',NULL,NULL,0,'sent',0,'2026-03-25 11:36:12','2026-03-25 11:36:12'),(78,1,5,5,NULL,'[\"https://res.cloudinary.com/dwtumdptw/image/upload/v1774438596/chat_images/images1774438592338-381034256_iez9xw.png\"]',NULL,0,'sent',0,'2026-03-25 11:36:37','2026-03-25 11:36:37'),(79,2,6,6,'ca0702682d94156ab4791b9e67a15ba5:870dfa11871468b724ba5c8264e38129',NULL,NULL,0,'sent',0,'2026-03-25 11:36:40','2026-03-25 11:36:40'),(80,2,6,6,'d1902aaf0a748bbd5477ef8ee0a13bfd:da0d5b0f5f2ca4975f3cadda97fee889',NULL,NULL,0,'sent',0,'2026-03-25 11:38:32','2026-03-25 11:38:32'),(81,2,1,1,'db9c35d8cab14605cdf73aacb6750a30:28449b3332346eef421536d023c718a1',NULL,NULL,0,'seen',0,'2026-03-25 11:39:32','2026-03-27 09:38:24'),(82,2,1,1,'9d20dcbc0444bbba3d33ec3dd71fb789:2f24a86140fe0eca89b3965ba12f6ccd',NULL,NULL,0,'seen',0,'2026-03-25 11:39:32','2026-03-27 09:38:24'),(83,2,4,3,'8ba0b9154a8ff417d10261844d2d9b34:7c915ef5394e94581cc38d5208040fee',NULL,NULL,0,'sent',0,'2026-03-25 11:39:35','2026-03-25 11:39:35'),(84,2,4,3,'78b34a7e47b9b101daf46f386ea88e06:d3ff7061ce813aa85bbb0d5ed5a0ee53',NULL,NULL,0,'sent',0,'2026-03-25 11:39:37','2026-03-25 11:39:37'),(85,2,4,3,'fe4d94ac966993b1c16dc6f12ad0120c:bd8e32ccf44232aecc21800d4b620187',NULL,NULL,0,'sent',0,'2026-03-25 11:39:37','2026-03-25 11:39:37'),(86,2,4,3,'f51eadcd22712ed2036ba6fc7d613e1a:2232c8d9677389a9971aab5c24ebece1',NULL,NULL,0,'sent',0,'2026-03-25 11:39:37','2026-03-25 11:39:37'),(87,2,6,6,'af3bd81ff0fc4b0423557b009c77c486:226d431382e95165affc9452a1b223ea',NULL,NULL,0,'sent',0,'2026-03-25 11:40:03','2026-03-25 11:40:03'),(88,2,6,6,'d5475ce30398dcfa5c8242b5d36222b8:fb39ff787257c2a6e578b8ee39db175a',NULL,NULL,0,'sent',0,'2026-03-25 11:40:12','2026-03-25 11:40:12'),(89,2,6,6,'742b8184a3d53f2f7e978d40c30e9b9a:bfcd4a94c206b32d1aefc856caf4199b',NULL,NULL,0,'sent',0,'2026-03-25 11:40:12','2026-03-25 11:40:12'),(90,2,6,6,'da8a9920567ede20dfb92e74e67a4481:0d4a7c9a7cb495222026e6e5363c3b86',NULL,NULL,0,'sent',0,'2026-03-25 11:40:12','2026-03-25 11:40:12'),(91,2,6,6,'329d0cd3fe3149710f2d98f5bd51f90d:2888aee389911d028246f14507c08e47',NULL,NULL,0,'sent',0,'2026-03-25 11:40:12','2026-03-25 11:40:12'),(92,2,4,3,'73e13423d017f05a752d55c9a546d8c5:66fae1a17b8f97bc3bc4253dffc0aaff',NULL,NULL,0,'sent',0,'2026-03-25 11:40:19','2026-03-25 11:40:19'),(93,2,4,3,'a5e5594fb911b9925e28e40e63b237bf:a76fb3dab97d2baa5b976c7d524a65d1',NULL,NULL,0,'sent',0,'2026-03-25 11:40:21','2026-03-25 11:40:21'),(94,2,4,3,'01fe6d9e477a6a3c2d936b590187e8c8:def083269e69e39f7b94e468024be2c8',NULL,NULL,0,'sent',0,'2026-03-25 11:40:22','2026-03-25 11:40:22'),(95,2,4,3,'5b292966e838e1d08171e00a0272905e:4ace0648b29b999f1972c2d37eb4ce99',NULL,NULL,0,'sent',0,'2026-03-25 11:40:24','2026-03-25 11:40:24'),(96,2,4,3,'3661b5fa27f224f932413bb1cdc9c541:aaee4350812baf8dac70e55dfe69ddba',NULL,NULL,0,'sent',0,'2026-03-25 11:40:27','2026-03-25 11:40:27'),(97,2,4,3,'62315c917e5f68bd997647e8b1f761b8:1317a84a468224d3785b375233b7bcde',NULL,NULL,0,'sent',1,'2026-03-25 11:40:29','2026-03-26 08:54:45'),(98,1,5,5,'dd7660addfa102a3857ab6c430898ae1:c85f7e2290a750adb260e0ad770b66e5872e247fc9f6651a9a64e82fb1ea8c3ceb8abc64f00f9fd1f0dadccd07e4c30179f5c999544c28e21eff7bcac96d8b63edb733a34b8cc87858ef9216461dedb8e8434fd8f9629876507ed77a11556bf6408939ac899c5a06ab9bb2643fdd5dd12a172c881a68e0aa9e14491b707232bdb8e2c4a5b41137c8e3682c799c6e1f439d070b5c5b9e3fa0432b0143bfb0dadec2fb563092fe87ae0f13f052b4161316087f8350af97607c70ed2152d69f5d2683b31359b63363fb8ee4e4fd2a30f67e3abbb74b30c559a130f3024a12f2cace4961912efeeff3d2c920ca1fdf1062e4b87cace4a1f8993e9d4d2b232720a7e0',NULL,NULL,0,'sent',0,'2026-03-25 11:40:48','2026-03-25 11:40:48'),(99,1,5,5,'7a29070ade7f687aa6e870527057d1ef:796cbd21bf4e106ab90462ead310f2f5',NULL,NULL,0,'sent',0,'2026-03-25 11:41:59','2026-03-25 11:41:59'),(100,1,5,5,NULL,'[\"https://res.cloudinary.com/dwtumdptw/image/upload/v1774438934/chat_images/images1774438928299-697356071_afuq74.png\"]',NULL,0,'sent',0,'2026-03-25 11:42:21','2026-03-25 11:42:21'),(101,4,2,3,'c4136dd9533dd8c0934c852e758a2458:c86d79ee6ce99619a5f40b742dce9455',NULL,NULL,0,'seen',0,'2026-03-25 11:53:20','2026-03-27 09:02:04'),(102,4,2,3,'58f917311c177d11658c93aaeaf31c4e:63c1b8b9b3eef695087a173d177753a3',NULL,NULL,0,'seen',0,'2026-03-25 11:53:21','2026-03-27 09:02:04'),(103,4,2,3,'37d10ebb60c21272b336bb934a44774a:e2430b4f27c8b782ba17e23440423dd7',NULL,NULL,0,'seen',0,'2026-03-25 11:53:22','2026-03-27 09:02:04'),(104,4,2,3,'40d309bbcfb85e2723d9376215a91fae:754ba80a8dd294f1c9a43e253bac6ac3',NULL,NULL,0,'seen',0,'2026-03-25 11:53:23','2026-03-27 09:02:04'),(105,4,2,3,'2ca480b2ae4081e5014b69b6d9cb6670:8d87c9407734ad0c6769e076d621d6eb',NULL,NULL,0,'seen',0,'2026-03-25 11:53:24','2026-03-27 09:02:04'),(106,4,2,3,'5452ad630d21fc0678bfe2b575b70a5a:0f950d4521269f06a99ad3f86a1ae8ef',NULL,NULL,0,'seen',0,'2026-03-25 11:53:25','2026-03-27 09:02:04'),(107,4,2,3,'942ae3a525138643275b0c51d02e8e10:145d479a012f6feed167be64c7b4d0d1',NULL,NULL,0,'seen',0,'2026-03-25 11:53:26','2026-03-27 09:02:04'),(108,4,2,3,'6516eccd19c039b7892a1d398e0e4fda:36e9ac4701abc2128093c4c1ed3fe067',NULL,NULL,0,'seen',0,'2026-03-25 11:53:27','2026-03-27 09:02:04'),(109,4,2,3,'6093c2419023ef9f4a669e0344d76f75:b52ae666b828af687ce6d8b69ad46c67',NULL,NULL,0,'seen',0,'2026-03-25 11:53:28','2026-03-27 09:02:04'),(110,4,2,3,'396bed3ddece8682ebb44676b55ff788:710863b136954cb5318a4fdfaeae4137',NULL,NULL,0,'seen',0,'2026-03-25 11:53:29','2026-03-27 09:02:04'),(111,4,2,3,'190e75c593e332e75e626857152f6243:0a74e44ff6680c97c6e8ab9ac49d40d6',NULL,NULL,0,'seen',0,'2026-03-25 11:53:40','2026-03-27 09:02:04'),(112,4,2,3,'1a14744affd867d070478585e0441c48:6a867069e2570381cf15aeaf8d6fdd40',NULL,NULL,0,'seen',0,'2026-03-25 11:53:41','2026-03-27 09:02:04'),(113,4,2,3,'dcf61b4b7552391acf0b4e2efd851fd2:b77f0dd3424cadbd55b84445a0cc51fe',NULL,NULL,0,'seen',0,'2026-03-25 11:53:41','2026-03-27 09:02:04'),(114,4,2,3,'0be0ef6c7826b0cdbcf413718ab31b92:1313ae1849298fffde0d0eb8a5f5a688',NULL,NULL,0,'seen',0,'2026-03-25 11:53:41','2026-03-27 09:02:04'),(115,4,2,3,'9aba22befc8d5c3f68271f3adc405e41:b7918a05ac0004295910b1ad554640da',NULL,NULL,0,'seen',0,'2026-03-25 11:53:41','2026-03-27 09:02:04'),(116,4,2,3,'d3d143a194cce92a4f4854b8297d6584:24d8aeeb1720bcaa27c481f8ae8dadfb',NULL,NULL,0,'seen',0,'2026-03-25 11:53:41','2026-03-27 09:02:04'),(117,7,1,7,'fc3c98fb72d2afc276c5200e83b7905a:897dc054c63d6e62cc0e8f78df3df6fb',NULL,NULL,0,'seen',0,'2026-03-25 11:57:55','2026-03-26 09:58:01'),(118,1,7,7,'205723e14a05730ccc73c76fb8b6495e:9f38cad2c4baefca7405710aad8c47d6',NULL,NULL,0,'sent',0,'2026-03-25 11:59:38','2026-03-26 07:22:30'),(119,1,7,7,'3087e2976c04e75f1b3f5eddfd75071e:f4630634754596b44710cfb43bac3a16',NULL,NULL,1,'sent',0,'2026-03-25 12:00:47','2026-03-25 12:06:49'),(120,1,7,7,'ab06bfb1101ad867df610cd8178e7129:2955462edf823190ed778bf827e2935e',NULL,NULL,1,'sent',0,'2026-03-25 12:01:46','2026-03-25 12:06:52'),(121,6,2,6,'a2d67f09e7ddf55e591d7bfffa94864e:fe4cde879ba4d71fb2db8c603523a12e44e388116ad712eb4392a9a495de92da',NULL,NULL,0,'seen',0,'2026-03-25 12:03:22','2026-03-27 07:40:35'),(122,4,6,8,'83cfaaa40705aa36cad26413047f0aa1:fc922c6b4324f683644c8df72aec63b7',NULL,NULL,0,'sent',0,'2026-03-25 12:03:36','2026-03-25 12:03:36'),(123,4,6,8,'5892146ed194abdff1b922ecd3a601e5:f65a2252bb0b14d32c5c27d848153fdc',NULL,NULL,0,'sent',0,'2026-03-25 12:03:56','2026-03-25 12:03:56'),(124,6,4,8,'083fd3e790cd9ba09ec8e62142e4a6ef:576dbcc6e3700bb03111cf3d3d83374d',NULL,NULL,0,'sent',0,'2026-03-25 12:04:21','2026-03-25 12:04:21'),(125,4,6,8,'fad593b7140e85a0f5662acb4250e686:21bb10485d5850c2d3c51cb06a52322cdaecea464762b0f99448258955506d3e',NULL,NULL,0,'sent',0,'2026-03-25 12:04:29','2026-03-25 12:04:29'),(126,6,4,8,'32ea6972e4525f9734cce2d854c8be3d:95781fd790a4fb0d3e147dc55504fcfd',NULL,NULL,0,'sent',0,'2026-03-25 12:04:50','2026-03-25 12:04:50'),(127,4,6,8,'cda05124334c4bdd7b3a04582a747bb5:91ec764a239d6ed95deaa48c56cfa8b9d64bb801672edbe885ecbfa0db346abda174a6e89d3bdca68512ed7d251683d9',NULL,NULL,0,'sent',0,'2026-03-25 12:05:09','2026-03-25 12:05:09'),(128,6,4,8,'2645912d3480c4ac496fa3ba5f3ffc80:e4dba48f99e9da2907d0128885372d696c8e2f5fc006e5eb08b48129c2ae20d0',NULL,NULL,0,'sent',0,'2026-03-25 12:07:27','2026-03-25 12:07:27'),(129,4,6,8,'c206966b9b9865e22285d1024db25a11:665a382c810b4c4864743a11c6b09cbbf082264f02c474db360daf425582aa7d',NULL,NULL,0,'sent',0,'2026-03-25 12:07:40','2026-03-25 12:07:40'),(130,6,4,8,'bfa984ff44ac1164903e094d85e75d67:2bacbd0badae537c4462130e2b9769dd5dec978e5a21564d7aaf403ca2c48480',NULL,NULL,0,'sent',0,'2026-03-25 12:07:55','2026-03-25 12:07:55'),(131,4,6,8,'651e4a754de88ab4dd6d1170aea536e5:a769024668e78fd2dbdf741fb48a8fbf',NULL,NULL,0,'sent',0,'2026-03-25 12:08:01','2026-03-25 12:08:01'),(132,8,2,9,'3bbd618c866613ab37997d549627db23:00e9ca6dea343c774497713d9c73482e',NULL,NULL,0,'seen',0,'2026-03-26 04:48:59','2026-03-27 09:32:00'),(133,8,2,9,'5f8ec11e03e06fa04197aea7a66a60dd:58c7e422933cdf757f1f9f496db6ac10',NULL,NULL,0,'seen',0,'2026-03-26 04:49:33','2026-03-27 09:32:00'),(134,2,8,9,'af95b69682daad1289c1ba35c55823c7:78e2ee8dc5c4696827a624841c6cd8e1',NULL,NULL,0,'seen',0,'2026-03-26 04:49:38','2026-03-26 12:25:55'),(135,8,2,9,'1401ea67accdd5e6be399cb26f527930:150b120473c0593c092d3954d484f912',NULL,NULL,0,'seen',0,'2026-03-26 04:55:47','2026-03-27 09:32:00'),(136,7,1,7,'96025365e718514871c9c9be907797fd:0c10f0d3e7b379f140c5f2fce2665e5b',NULL,NULL,0,'seen',0,'2026-03-26 07:07:02','2026-03-26 09:58:01'),(137,7,1,7,'3ba7ec129a0eabdac4ac823474e08b18:f916dd961b4814222cb87b54fe40a98d',NULL,NULL,0,'seen',0,'2026-03-26 07:07:03','2026-03-26 09:58:01'),(138,7,1,7,'3ad82506da4e436b7f5a95e4de61ba88:5d5beb87826866225c24e486aeb2c2e9',NULL,NULL,0,'seen',0,'2026-03-26 07:07:04','2026-03-26 09:58:01'),(139,7,1,7,'c18c646f16b2d45eb6e6ba43362e74b6:c5e501044f64a9c8aee18fb6dd71c76e',NULL,NULL,0,'seen',0,'2026-03-26 07:07:06','2026-03-26 09:58:01'),(140,7,1,7,'ccd3c6c10339d565228d68294c0c4122:47a246a66f1212ff0f3c2e9d867c804a',NULL,NULL,0,'seen',0,'2026-03-26 07:07:08','2026-03-26 09:58:01'),(141,7,1,7,'e19e3959dc1e4b7241a1dc377d4e4a3a:940b2da4c9e79cf24f482dbe2659fab0',NULL,NULL,0,'seen',0,'2026-03-26 07:07:11','2026-03-26 09:58:01'),(142,7,1,7,'03b21eaf2195737fc5c1c21d95cbee51:fbc98b602fe73ae76c599fe390d2db9a',NULL,NULL,0,'seen',0,'2026-03-26 07:07:12','2026-03-26 09:58:01'),(143,7,1,7,'116c8def13762970e15ea15993c8b6bb:a78bc577b0d0253f8decaf8f63599541',NULL,NULL,0,'seen',0,'2026-03-26 07:07:13','2026-03-26 09:58:01'),(144,1,4,4,'be20e313a4316358ba9e7304f59a8ee5:471be7a33f1135738bf85baf2f7729ba',NULL,NULL,0,'sent',1,'2026-03-26 07:33:02','2026-03-26 07:33:22'),(145,1,2,1,'7db6ed9758a31eccb5da5286c551e655:f582657c95741fd617795f4488741bf0',NULL,NULL,0,'seen',1,'2026-03-26 07:42:15','2026-03-27 09:39:11'),(146,2,1,1,'c1873f13f83747938ed34b5b78720708:c321a102ab9065238ae05ff4bf66f5f7',NULL,NULL,0,'seen',0,'2026-03-26 07:47:09','2026-03-27 09:38:24'),(147,2,8,9,'70cc11995770c7495f3c7e41957b532e:bbec075beba28cffd33108d497ce9c66',NULL,NULL,0,'seen',1,'2026-03-26 08:55:05','2026-03-26 12:25:55'),(148,2,8,9,'c66435fb027381bdb5dcc11dfd2fe4c8:8c29ac37646380ec55c01c5b8050d887',NULL,NULL,0,'seen',1,'2026-03-26 08:56:59','2026-03-26 12:25:55'),(149,2,8,9,'7a434fe87c6c315a9234213903c4ed3c:e6947e4745285bf4b0758f29243c65dc',NULL,NULL,0,'seen',1,'2026-03-26 08:57:41','2026-03-26 12:25:55'),(150,1,4,4,'92567a52b156e7a7e03255a3acb0b795:ebee6c7f246d70c1d1f85b07b6b03fa6',NULL,NULL,0,'sent',0,'2026-03-26 09:06:27','2026-03-26 09:06:27'),(151,1,4,4,'6876c7d30544d941f695369bd9b085cb:4c13e97364fe65a7256561297894f5a8',NULL,NULL,0,'sent',0,'2026-03-26 09:10:58','2026-03-26 09:10:58'),(152,1,4,4,'c657ea882cc9f8023708ccca288d6675:502ac5fba0fd4d2eaf7536de40130a12',NULL,NULL,0,'sent',0,'2026-03-26 09:11:08','2026-03-26 09:11:08'),(153,1,4,4,'3e7f77ee2c23a0072e667650e7de805b:efe1570549f752bd250baf9478101206',NULL,NULL,0,'sent',0,'2026-03-26 09:14:42','2026-03-26 09:14:42'),(154,1,2,1,'773bdeb050176b6ae69e2679d8e82436:8c2e9b1f3815e7f6a4e9c3d55fcf2c73',NULL,NULL,0,'seen',1,'2026-03-26 09:15:53','2026-03-27 09:39:11'),(155,1,2,1,'4f29f4e98116fad506c9a0c6a32eb198:b8fc84f8ad69edfa81e87362e6254917',NULL,NULL,0,'seen',1,'2026-03-26 09:21:53','2026-03-27 09:39:11'),(156,1,2,1,NULL,'[\"https://res.cloudinary.com/dwtumdptw/image/upload/v1774517539/chat_images/images1774517533116-148781435_t0zlut.jpg\"]',NULL,0,'seen',0,'2026-03-26 09:32:18','2026-03-27 09:39:11'),(157,1,2,1,'c3c784020395ccaa4436c88d7192883b:63fa9051874314efbd3bf4fe270a19d3',NULL,NULL,0,'seen',0,'2026-03-26 09:58:33','2026-03-27 09:39:11'),(158,1,2,1,'86529f5350743984f84856ccd4698866:b23f4b9295cd148636c03bc8b3681170',NULL,NULL,0,'seen',0,'2026-03-26 09:59:49','2026-03-27 09:39:11'),(159,2,1,1,'a1f5fa413a6ad81065f0884ef82adeea:949c5b9fa0f25c943c128295b986212f',NULL,NULL,0,'seen',0,'2026-03-26 10:00:07','2026-03-27 09:38:24'),(160,2,1,1,'e62f36e5125cc28dbdba069eeff68f26:8cce4ec52847522af2a4f5f983f5252b',NULL,NULL,0,'seen',0,'2026-03-26 10:00:15','2026-03-27 09:38:24'),(161,2,1,1,'1194b7a2acb829ff96e6cdb29ef5538a:8810a8ef806817b11c82cd3bfe61d008',NULL,NULL,0,'seen',0,'2026-03-26 10:03:41','2026-03-27 09:38:24'),(162,2,1,1,'f605eeafd912c9d642ed49fcf913957d:49ad02408f691b480840213ef9a8568d',NULL,NULL,0,'seen',0,'2026-03-26 10:05:11','2026-03-27 09:38:24'),(163,2,1,1,'cb9a31118f185976664f09c0b9da702a:7c55db9a704da5f26896b65ec60a3601',NULL,NULL,0,'seen',0,'2026-03-26 10:06:50','2026-03-27 09:38:24'),(164,2,1,1,'1f135d35909a11a1beece2e5da054aa3:560e5416d3f7788f26d56b1743c5eb5d',NULL,NULL,0,'seen',0,'2026-03-26 10:08:43','2026-03-27 09:38:24'),(165,2,1,1,'5ea94bd50ad4cc32c892edc36237b7d4:87c7606d9fa0234edc9b3aba2257759e',NULL,NULL,0,'seen',0,'2026-03-26 10:08:59','2026-03-27 09:38:24'),(166,1,2,1,'1a6455301351254cc0521446dbdf6bfc:8bb9f85dfd711f8a22cffa4d973f79dd',NULL,NULL,0,'seen',0,'2026-03-26 10:09:08','2026-03-27 09:39:11'),(167,1,2,1,'f206b484594216629b4e2303ece17ebc:95f379efb1e0a155cc3c4a8736536b14',NULL,NULL,0,'seen',0,'2026-03-26 10:10:05','2026-03-27 09:39:11'),(168,1,2,1,'1ac06ba67ab73efb48ee0622591f9d01:7477d327563f2dd640e78f91b95160e9',NULL,NULL,0,'seen',0,'2026-03-26 10:10:24','2026-03-27 09:39:11'),(169,2,1,1,'c540f3a94bab63ac262bd580ed467d76:4e12b8b300052d0a74f26de232b3b864',NULL,NULL,0,'seen',0,'2026-03-26 10:10:45','2026-03-27 09:38:24'),(170,2,1,1,'ffb1e3b4ee66b5471113862f41196be9:013374815a291a49af6a2d504686084d',NULL,NULL,0,'seen',0,'2026-03-26 11:25:48','2026-03-27 09:38:24'),(171,2,8,9,'4d7f8748a11e0be64c789fbbe03e502d:d81d695045eb3a8262eb5d6e69e7429d38f7cc9c7c2a46a80e6009fbfd61ac5a',NULL,NULL,0,'seen',0,'2026-03-26 12:02:55','2026-03-26 12:25:55'),(172,8,2,9,'cee7dd4205bb66c04c6b48b94074ac7b:e64f8094c424f2613005288f8482db16',NULL,NULL,0,'seen',0,'2026-03-26 12:26:08','2026-03-27 09:32:00'),(173,2,8,9,'275e5752b564042fdf423ca7f563833a:f799d0fe6ac8fd3fcc41fe300d83adab',NULL,NULL,0,'sent',0,'2026-03-27 06:29:30','2026-03-27 06:29:30'),(174,2,1,1,'35dbfd40c3d9bad462dc3d65ebedd178:179c04ee1b6814cf1da3529f75a3097f',NULL,NULL,0,'seen',0,'2026-03-27 07:41:20','2026-03-27 09:38:24'),(175,1,2,1,'b87b6e2f0f0a6752c7ad3c5f43532b1f:e459e63a81682aefe7b7a10c23fb46e9',NULL,NULL,0,'seen',0,'2026-03-27 09:13:50','2026-03-27 09:39:11'),(176,2,1,1,'624a02c2180084dc634a9b5e4f7ec4db:3ca42d7a137692566d052225692d5cdc',NULL,NULL,0,'seen',0,'2026-03-27 09:30:29','2026-03-27 09:38:24'),(177,2,1,1,'d2ca366243d83531b34ad546fd848b33:bb8fafad7776803d14777701f4d77787',NULL,NULL,0,'seen',0,'2026-03-27 09:31:32','2026-03-27 09:38:24'),(178,1,2,1,'33881bb5dfc5212f0b48fc5a17d9edf0:e2b782177871701822d6652d392dc9f9',NULL,NULL,0,'seen',0,'2026-03-27 09:32:28','2026-03-27 09:39:11'),(179,1,2,1,'6ba6e1f27dab5a16e6fa4feffeeb2619:cd616d83a964aeeb084d2d3b6e24e3b4',NULL,NULL,0,'seen',0,'2026-03-27 09:34:37','2026-03-27 09:39:11'),(180,1,2,1,'8b1d954590c9c45185c7664d9e9027dc:fc70f8ddd8db3fc2ecfefeef8330dfb3',NULL,NULL,0,'seen',0,'2026-03-27 09:38:30','2026-03-27 09:39:11');
/*!40000 ALTER TABLE `messages` ENABLE KEYS */;
UNLOCK TABLES;

--
-- Table structure for table `notifications`
--

DROP TABLE IF EXISTS `notifications`;
/*!40101 SET @saved_cs_client     = @@character_set_client */;
/*!50503 SET character_set_client = utf8mb4 */;
CREATE TABLE `notifications` (
  `id` int NOT NULL AUTO_INCREMENT,
  `sender_id` int NOT NULL,
  `receiver_id` int NOT NULL,
  `chat_id` int DEFAULT NULL,
  `title` varchar(255) DEFAULT NULL,
  `message` varchar(255) NOT NULL,
  `seen` tinyint(1) NOT NULL DEFAULT '0',
  `createdAt` datetime NOT NULL,
  `updatedAt` datetime DEFAULT NULL,
  PRIMARY KEY (`id`),
  KEY `sender_id` (`sender_id`),
  KEY `notifications_chat_id_foreign_idx` (`chat_id`),
  CONSTRAINT `notifications_chat_id_foreign_idx` FOREIGN KEY (`chat_id`) REFERENCES `chats` (`id`),
  CONSTRAINT `notifications_ibfk_1` FOREIGN KEY (`sender_id`) REFERENCES `users` (`id`)
) ENGINE=InnoDB AUTO_INCREMENT=179 DEFAULT CHARSET=utf8mb4 COLLATE=utf8mb4_0900_ai_ci;
/*!40101 SET character_set_client = @saved_cs_client */;

--
-- Dumping data for table `notifications`
--

LOCK TABLES `notifications` WRITE;
/*!40000 ALTER TABLE `notifications` DISABLE KEYS */;
INSERT INTO `notifications` VALUES (1,1,2,1,'cb251af9310413bf34dc924f1dcb10e1:b6d16e5fc8b814dd17cd043eb7d4d4f9','You have a new message from Ptl_Shikha_09',1,'2026-03-25 10:07:08','2026-03-27 09:39:11'),(2,1,2,1,'096922abb634363353b85441a076c9ed:900c41a891ad858ea35f3e20f3031e99','You have a new message from Ptl_Shikha_09',1,'2026-03-25 10:07:20','2026-03-27 09:39:11'),(3,3,1,2,'ea4f525f75b309ce25bd93bf7576a5f5:637892bcc88a37c8b28aa349806fe24a','You have a new message from vidhi',1,'2026-03-25 10:07:59','2026-03-27 09:38:23'),(4,1,3,2,'201bb069899b0b383dbc70cefb27aabb:251b90ddf6d93d75ddaee78a350104db','You have a new message from Ptl_Shikha_09',1,'2026-03-25 10:09:37','2026-03-25 10:13:03'),(5,3,1,2,'a9c93d1a1259cbdf784097cd195f38e3:56c66fc9ce445822b4fd4d90c9cc9e76','vidhi Patel sent you a file',1,'2026-03-25 10:11:22','2026-03-27 09:38:23'),(6,1,3,2,'a2f314f3b75032dc5eac612c3030d972:00eadead937f1d825250e5b483a55922','You have a new message from Ptl_Shikha_09',1,'2026-03-25 10:12:12','2026-03-25 10:13:03'),(7,1,3,2,'2e46da54b1939b9002ff59cf1c9f3e1b:bffd620c3b13e935f79c2800125fa4a3','You have a new message from Ptl_Shikha_09',1,'2026-03-25 10:12:43','2026-03-25 10:13:03'),(8,1,3,2,'2077a36e5562e3f5a5079d6726fb9b82:6b431c6ceeb35b721108ce2134945111','You have a new message from Ptl_Shikha_09',1,'2026-03-25 10:12:59','2026-03-25 10:13:03'),(9,3,1,2,'89bc61299d7bcbb116bf7975fb3300b8:e1974c374cb02748d1e98da2245e49f3','You have a new message from vidhi Patel',1,'2026-03-25 10:13:11','2026-03-27 09:38:23'),(10,3,1,2,'a6bd1fa119587dbbe700347847bb0c97:a8a05aae4db2f41504ab0118ea25af63','You have a new message from vidhi Patel',1,'2026-03-25 10:13:32','2026-03-27 09:38:23'),(11,4,2,3,'c2f2d641a29f76e97bd22963b9620436:7f96bf121c2219c7e457bede75da6605','You have a new message from vikas k',1,'2026-03-25 10:25:02','2026-03-27 09:39:11'),(12,4,2,3,'0537d13dd88cfba42216633dc7eaf0c1:e7c39521a955f3e7117be2399e9598fa','You have a new message from vikas k',1,'2026-03-25 10:25:37','2026-03-27 09:39:11'),(13,4,2,3,'0f26d2ef3e28c24d43c38856d1686ad8:aedde3e1d40526f4e32f798bd1813e41','You have a new message from vikas k',1,'2026-03-25 10:25:38','2026-03-27 09:39:11'),(14,4,2,3,'525d141cb068da4cbd3195585728d879:4d52bff038f325b159edf4f3b8aef782','You have a new message from vikas k',1,'2026-03-25 10:25:38','2026-03-27 09:39:11'),(15,4,2,3,'ed01cbee7f37d7359a4253c1be9977c3:2155a68d506668e0312eab2af517e6ab','You have a new message from vikas k',1,'2026-03-25 10:25:38','2026-03-27 09:39:11'),(16,4,2,3,'22837c9b7b2691ac93b9b73044d0dc09:ae0c3f7056dc895997c6ab36f4947065','You have a new message from vikas k',1,'2026-03-25 10:25:39','2026-03-27 09:39:11'),(17,4,2,3,'baedd3c4336ccffedf3b8e77a07d0918:e7c6560e92c4523b7f96488636c36a4a','You have a new message from vikas k',1,'2026-03-25 10:25:39','2026-03-27 09:39:11'),(18,4,2,3,'c80674380cbafd044499fa7da412dac1:6931b69e2a4de7f0826e43ffc14d2a6a','You have a new message from vikas k',1,'2026-03-25 10:25:39','2026-03-27 09:39:11'),(19,4,2,3,'d42189f13dfece2a0cfd4e5182cac410:38b052f80740dc228e597df7e0712831','You have a new message from vikas k',1,'2026-03-25 10:25:39','2026-03-27 09:39:11'),(20,4,1,4,'a108e3f9f90560003818dac607ed118b:508fb729317d51187287e4a73a9a2851','You have a new message from vikas k',1,'2026-03-25 10:27:05','2026-03-27 09:38:23'),(21,5,1,5,'de85d4a11bcec20d04985674c246a014:607fe8c0a5322d4f7ce8d0d343e6b629','You have a new message from khushi',1,'2026-03-25 10:34:02','2026-03-27 09:38:23'),(22,1,5,5,'1282db05ba393e5a95461d38837c6db3:f8e16ab1de914990848ad1543c99aac5','You have a new message from Ptl_Shikha_09',1,'2026-03-25 10:34:44','2026-03-25 10:57:02'),(23,5,1,5,'84105d0df04c3ac77d367b30c8a500d2:8a4a36807880f66017a0c8285fe867be','You have a new message from khushi',1,'2026-03-25 10:35:47','2026-03-27 09:38:23'),(24,5,1,5,'81ed609b8693863105a88812ef2d5bf2:0523df4adc3d62c4d41e4ec70c39600f23bf0495f3bb465828e397998b0de6ed','You have a new message from khushi',1,'2026-03-25 10:35:55','2026-03-27 09:38:23'),(25,1,5,5,'163020760472d6796fb525aeda5bba19:aa63fb13fc94115470880a41182fb4323f0339563ef3796ae565adbaa399a9df','You have a new message from Ptl_Shikha_09',1,'2026-03-25 10:36:15','2026-03-25 10:57:02'),(26,5,1,5,'c82c382ce2d787c3b1cdcbe1c8b90507:322b726b2aff01aee2b021950cc9834b','You have a new message from khushi',1,'2026-03-25 10:38:44','2026-03-27 09:38:23'),(27,1,4,4,'db48b4910e2a0368dd4bf1bf28322c9b:e9ff28045501aa7be9f4ad77eed02cec','You have a new message from Ptl_Shikha_09',1,'2026-03-25 10:39:07','2026-03-26 04:49:08'),(28,5,1,5,'f3c9ba9aa5a8dacc66b8bd7c251302bb:aa5391e2efd17f06325723f6b14bcaf8','You have a new message from khushi',1,'2026-03-25 10:42:39','2026-03-27 09:38:23'),(29,1,5,5,'f739cb58c23fc80280f3e443bc5ea05f:a893089827bb1fa2a1e555bd8bd39445','You have a new message from Ptl_Shikha_09',1,'2026-03-25 10:42:48','2026-03-25 10:57:02'),(30,5,1,5,'9f3a222cfb4ecba79e648f8dd50dab76:abc7bb1e14a8ce754735a971f4dc020a1c3e97828bfed4335e3a834c2e820421','You have a new message from khushi',1,'2026-03-25 10:43:11','2026-03-27 09:38:23'),(31,5,1,5,'09da133abe16a649c52e9fdfe562beb7:c74bc234e9ecf2bdaee167376f954d9d0b3bf743b811f13d307bbf43c994b92c36bfa789ed3dda7eafff1d95fd030a12','You have a new message from khushi',1,'2026-03-25 10:43:29','2026-03-27 09:38:23'),(32,4,1,4,'a693b15a0bd80f43107f5d08543fa192:09f4a81aa49cc24e5589972ab2b3f8eb','You have a new message from vikas k',1,'2026-03-25 10:43:42','2026-03-27 09:38:23'),(33,1,5,5,'5f9e5fc62bbe85fd3c0497379aed4e3b:de4116f913027843108b6b08bdaef6da31cf631248df9fe9c9082064e7d8c32f','You have a new message from Ptl_Shikha_09',1,'2026-03-25 10:44:19','2026-03-25 10:57:02'),(34,4,1,4,'b19708249f5d76b30a175ca5a5014b1d:ac37f02a465c4980b560d56e462e69a9','You have a new message from vikas k',1,'2026-03-25 10:44:28','2026-03-27 09:38:23'),(35,1,4,4,'15307184b3c251a613065d91b8328a1a:3f1143f4cc5e07c85bfea49655f96338','You have a new message from Ptl_Shikha_09',1,'2026-03-25 10:44:42','2026-03-26 04:49:08'),(36,4,1,4,'89fcfc2f41bc186631d9eb548f6f4a53:1bcd45423cdb9fea7f87f59631adf9ae','You have a new message from vikas k',1,'2026-03-25 10:45:18','2026-03-27 09:38:23'),(37,4,1,4,'2251ed747c5adaab0b75aae6eadf6f0f:5d0a3168b9c1c6f83d1efad9c7f435da','You have a new message from vikas k',1,'2026-03-25 10:45:18','2026-03-27 09:38:23'),(38,4,1,4,'63238266172f36fadb0d96e245496bfd:2e23e3428d7264e726fe12b4966eb79a','You have a new message from vikas k',1,'2026-03-25 10:45:18','2026-03-27 09:38:23'),(39,4,1,4,'8a2afa3f74b909fbcf90cc0810fa3552:beb4d4356b3d1c39483a8ef6386ccdd5','You have a new message from vikas k',1,'2026-03-25 10:45:19','2026-03-27 09:38:23'),(40,4,1,4,'18fb61ea2fa29fb4c97b2ac411957531:2e0ca9a453129157c0092f7e38fbd6d1','You have a new message from vikas k',1,'2026-03-25 10:45:19','2026-03-27 09:38:23'),(41,4,1,4,'8a7cfdffccb9e7bf5b97f91f2f908f56:510c31978b4a0c82879f8722930d2aed','You have a new message from vikas k',1,'2026-03-25 10:45:20','2026-03-27 09:38:23'),(42,4,1,4,'11221b2ac5527336fe560430fe8bd37f:29455c8d44350f3ff25bd85e30d02ac2','You have a new message from vikas k',1,'2026-03-25 10:45:21','2026-03-27 09:38:23'),(43,4,1,4,'39b0f8124a8d5c65272d3a730571dc24:0391daf165f4bc0a638c90a278f01998','You have a new message from vikas k',1,'2026-03-25 10:45:22','2026-03-27 09:38:23'),(44,4,1,4,'d9a54d9acfc27dc53aadb8dc1e3a16e0:704efb19ce1caa1441033e9e80639cd2','You have a new message from vikas k',1,'2026-03-25 10:45:22','2026-03-27 09:38:23'),(45,4,1,4,'5e8799620413f1520b8e57a5ab82e87d:a84a946dacf0378dbb6de510698e1de2','You have a new message from vikas k',1,'2026-03-25 10:45:22','2026-03-27 09:38:23'),(46,4,1,4,'b61693e5198028ee71ce04b54df308fd:bdf95a1a433790a7cf27628500033f8d','You have a new message from vikas k',1,'2026-03-25 10:45:23','2026-03-27 09:38:23'),(47,4,1,4,'7a6a78fc101eb4b7ca30ceeeebe0f44d:5a80b330af03c3535b398dc76a9bfd9e','You have a new message from vikas k',1,'2026-03-25 10:45:23','2026-03-27 09:38:23'),(48,4,1,4,'96b32d61502d9347af550e8acebaba9c:91873616e50a44ab9cd79c0c471f9d07','You have a new message from vikas k',1,'2026-03-25 10:45:24','2026-03-27 09:38:23'),(49,4,1,4,'79fc7d7bc7c9b97ad0ebb6c5223d8d13:aa26fad8bcf40379e0e4463e88b39ef9','You have a new message from vikas k',1,'2026-03-25 10:45:24','2026-03-27 09:38:23'),(50,4,1,4,'3ece6a9c0e217ab23c38940d6b408c2a:18a803acf95792278f92e74aa1e4debf','You have a new message from vikas k',1,'2026-03-25 10:45:25','2026-03-27 09:38:23'),(51,4,1,4,'83f607de5fca8751444d1ed98668b4fb:72017d22942c275a7baecd8351870aeb','You have a new message from vikas k',1,'2026-03-25 10:45:25','2026-03-27 09:38:23'),(52,4,1,4,'bb2ad1f19fb7a5ace7040bae9d86dde7:f3e918b4c062f7cf6ed40f4b1257de61','You have a new message from vikas k',1,'2026-03-25 10:45:26','2026-03-27 09:38:23'),(53,4,1,4,'5a0ff0ca3c2026cd44ad4e7f3500f8b5:5f1a2d5d3984c188bec560b56a601804','You have a new message from vikas k',1,'2026-03-25 10:45:27','2026-03-27 09:38:23'),(54,4,1,4,'b1ff589d5d628194e306abefd37fd374:b425ecc454cfa36345d33ae40bca21a4','You have a new message from vikas k',1,'2026-03-25 10:45:29','2026-03-27 09:38:23'),(55,4,1,4,'ec972c47dfbb9a99a6af14687f7f0bec:7cddab4597286413470e04ddee22fa52','You have a new message from vikas k',1,'2026-03-25 10:45:29','2026-03-27 09:38:23'),(56,4,1,4,'4b0f505b8f81467eeaab99b1c5c8370e:139830b229efc2fe896a4bc11e04c46a','You have a new message from vikas k',1,'2026-03-25 10:45:30','2026-03-27 09:38:23'),(57,4,1,4,'38d6c2c956763559febf3f980d48198c:cce4add8021d87404bba0934606c33c0','You have a new message from vikas k',1,'2026-03-25 10:45:31','2026-03-27 09:38:23'),(58,4,1,4,'4592b4171fb920be1198a7eb359a8302:a0560a4d3d3b55675b76cbe346e859c4','You have a new message from vikas k',1,'2026-03-25 10:45:32','2026-03-27 09:38:23'),(59,4,1,4,'04c11264cc1566813d7850e6ee907b0b:4ae71a22c9d781cded3243f44e521bf4','You have a new message from vikas k',1,'2026-03-25 10:45:32','2026-03-27 09:38:23'),(60,4,1,4,'36eb48a539946ff98f79531ea47562e4:b8b07b0951637d8e31d0ee84f5c90468','You have a new message from vikas k',1,'2026-03-25 10:45:33','2026-03-27 09:38:23'),(61,4,1,4,'0aba8ae6b21d2406e3755f262b8c7608:eea94bbb26ebecc813909ee6860036ac','You have a new message from vikas k',1,'2026-03-25 10:45:34','2026-03-27 09:38:23'),(62,4,2,3,'2396da9152ac040934562f6ca02fd36d:4ab5d5be8578fdcdd28cfa75738ed3ac','You have a new message from vikas k',1,'2026-03-25 10:49:41','2026-03-27 09:39:11'),(63,5,1,5,'dd42a56d203d28248f218d80ca7f0698:2e09aa9ca5035913872c0eb7226da40b','You have a new message from khushi',1,'2026-03-25 10:49:59','2026-03-27 09:38:23'),(64,1,5,5,'c6fe1cfdd60318ce72f3e5104adae355:6dbfcbed5f0e7dd77cf6a2c8aa7200b6','You have a new message from Ptl_Shikha_09',1,'2026-03-25 10:52:02','2026-03-25 10:57:02'),(65,5,1,5,'a0488be3606e0c4c106fd390a0785047:874827feb50f6ce680f14e02e60ba47e306fd643a608c281af740ccc83a62d68','You have a new message from khushi',1,'2026-03-25 10:57:28','2026-03-27 09:38:23'),(66,5,1,5,'2979e398a34b7c22cb2211e71825743d:ce8688fc182a8c6d6d70eb277d64f09c','khushi sent you a file',1,'2026-03-25 10:58:05','2026-03-27 09:38:23'),(67,5,1,5,'df10144224ae2f493474be6f8f34a896:b10645bcdd2e2559bb245a112862f23433ff52254e705a91bb51f54f609ff775','You have a new message from khushi',1,'2026-03-25 10:58:32','2026-03-27 09:38:23'),(68,5,1,5,'8dac57f327cfeee8f17cc26ac00bf816:cebd3d25ea8904f6ed8f3850856b4da0','You have a new message from khushi',1,'2026-03-25 10:58:45','2026-03-27 09:38:23'),(69,1,5,5,'e51833d4fb067bbe022ee9b8705967e6:5f33208661e45176f32a63aa8848a289','You have a new message from Ptl_Shikha_09',0,'2026-03-25 11:03:07','2026-03-25 11:03:07'),(70,1,5,5,'eefd64b4177d8d0450438650f978f83b:8a0e463f70f14c7ad491952c373a530a','Ptl_Shikha_09 sent you a file',0,'2026-03-25 11:28:59','2026-03-25 11:28:59'),(71,2,6,6,'92d9e1d8b4722041ee738e341bc47d07:8afae486af597c2043214d2b1a00c3c9','You have a new message from Ajju',1,'2026-03-25 11:29:58','2026-03-25 12:23:55'),(72,2,6,6,'eabcf68a8523b1c3b34e42aab6943998:e9cff98e5507c4151d40b64ec53ee879','You have a new message from Ajju',1,'2026-03-25 11:30:10','2026-03-25 12:23:55'),(73,1,5,5,'de0b1cb76ab5d67ea6f46b36edc3eca2:970ce7ccdf64be28fc13b70def19e37e','You have a new message from Ptl_Shikha_09',0,'2026-03-25 11:30:19','2026-03-25 11:30:19'),(74,2,6,6,'329058f0df85beff0623da39d3d030bb:9cdf33bb6d187007fbc9dab617d6831c','You have a new message from Ajju',1,'2026-03-25 11:31:02','2026-03-25 12:23:55'),(75,4,2,3,'b1ecac62ca2794c5350a872537d1500a:670c147b75432a133974106846923d71','You have a new message from vikas k',1,'2026-03-25 11:31:18','2026-03-27 09:39:11'),(76,4,2,3,'e2ea9b0b59cbcf0aa8dc37a912c790e2:d0a915676f6c18ecb0e7f85022229c68','You have a new message from vikas k',1,'2026-03-25 11:31:32','2026-03-27 09:39:11'),(77,1,5,5,'7b45accc109f2c483fc357b99b332ee3:a0dddf363033463bde41f826d468a474','Ptl_Shikha_09 sent you a file',0,'2026-03-25 11:36:37','2026-03-25 11:36:37'),(78,2,6,6,'ca0702682d94156ab4791b9e67a15ba5:870dfa11871468b724ba5c8264e38129','You have a new message from Ajju',1,'2026-03-25 11:36:40','2026-03-25 12:23:55'),(79,2,6,6,'d1902aaf0a748bbd5477ef8ee0a13bfd:da0d5b0f5f2ca4975f3cadda97fee889','You have a new message from Ajju',1,'2026-03-25 11:38:32','2026-03-25 12:23:55'),(80,2,1,1,'db9c35d8cab14605cdf73aacb6750a30:28449b3332346eef421536d023c718a1','You have a new message from Ajju',1,'2026-03-25 11:39:32','2026-03-27 09:38:23'),(81,2,1,1,'9d20dcbc0444bbba3d33ec3dd71fb789:2f24a86140fe0eca89b3965ba12f6ccd','You have a new message from Ajju',1,'2026-03-25 11:39:32','2026-03-27 09:38:23'),(82,2,4,3,'8ba0b9154a8ff417d10261844d2d9b34:7c915ef5394e94581cc38d5208040fee','You have a new message from Ajju',1,'2026-03-25 11:39:35','2026-03-26 04:49:08'),(83,2,4,3,'78b34a7e47b9b101daf46f386ea88e06:d3ff7061ce813aa85bbb0d5ed5a0ee53','You have a new message from Ajju',1,'2026-03-25 11:39:37','2026-03-26 04:49:08'),(84,2,4,3,'fe4d94ac966993b1c16dc6f12ad0120c:bd8e32ccf44232aecc21800d4b620187','You have a new message from Ajju',1,'2026-03-25 11:39:37','2026-03-26 04:49:08'),(85,2,4,3,'f51eadcd22712ed2036ba6fc7d613e1a:2232c8d9677389a9971aab5c24ebece1','You have a new message from Ajju',1,'2026-03-25 11:39:37','2026-03-26 04:49:08'),(86,2,6,6,'af3bd81ff0fc4b0423557b009c77c486:226d431382e95165affc9452a1b223ea','You have a new message from Ajju',1,'2026-03-25 11:40:03','2026-03-25 12:23:55'),(87,2,6,6,'742b8184a3d53f2f7e978d40c30e9b9a:bfcd4a94c206b32d1aefc856caf4199b','You have a new message from Ajju',1,'2026-03-25 11:40:12','2026-03-25 12:23:55'),(88,2,6,6,'da8a9920567ede20dfb92e74e67a4481:0d4a7c9a7cb495222026e6e5363c3b86','You have a new message from Ajju',1,'2026-03-25 11:40:12','2026-03-25 12:23:55'),(89,2,6,6,'d5475ce30398dcfa5c8242b5d36222b8:fb39ff787257c2a6e578b8ee39db175a','You have a new message from Ajju',1,'2026-03-25 11:40:12','2026-03-25 12:23:55'),(90,2,6,6,'329d0cd3fe3149710f2d98f5bd51f90d:2888aee389911d028246f14507c08e47','You have a new message from Ajju',1,'2026-03-25 11:40:12','2026-03-25 12:23:55'),(91,2,4,3,'73e13423d017f05a752d55c9a546d8c5:66fae1a17b8f97bc3bc4253dffc0aaff','You have a new message from Ajju',1,'2026-03-25 11:40:19','2026-03-26 04:49:08'),(92,2,4,3,'a5e5594fb911b9925e28e40e63b237bf:a76fb3dab97d2baa5b976c7d524a65d1','You have a new message from Ajju',1,'2026-03-25 11:40:21','2026-03-26 04:49:08'),(93,2,4,3,'01fe6d9e477a6a3c2d936b590187e8c8:def083269e69e39f7b94e468024be2c8','You have a new message from Ajju',1,'2026-03-25 11:40:22','2026-03-26 04:49:08'),(94,2,4,3,'5b292966e838e1d08171e00a0272905e:4ace0648b29b999f1972c2d37eb4ce99','You have a new message from Ajju',1,'2026-03-25 11:40:24','2026-03-26 04:49:08'),(95,2,4,3,'3661b5fa27f224f932413bb1cdc9c541:aaee4350812baf8dac70e55dfe69ddba','You have a new message from Ajju',1,'2026-03-25 11:40:27','2026-03-26 04:49:08'),(96,2,4,3,'62315c917e5f68bd997647e8b1f761b8:1317a84a468224d3785b375233b7bcde','You have a new message from Ajju',1,'2026-03-25 11:40:29','2026-03-26 04:49:08'),(97,1,5,5,'7a29070ade7f687aa6e870527057d1ef:796cbd21bf4e106ab90462ead310f2f5','You have a new message from Ptl_Shikha_09',0,'2026-03-25 11:41:59','2026-03-25 11:41:59'),(98,1,5,5,'343f86db6c859402a827499b00794427:e6408592afac5d2c029930d6a64e8f7b','Ptl_Shikha_09 sent you a file',0,'2026-03-25 11:42:21','2026-03-25 11:42:21'),(99,4,2,3,'c4136dd9533dd8c0934c852e758a2458:c86d79ee6ce99619a5f40b742dce9455','You have a new message from vikas k',1,'2026-03-25 11:53:20','2026-03-27 09:39:11'),(100,4,2,3,'58f917311c177d11658c93aaeaf31c4e:63c1b8b9b3eef695087a173d177753a3','You have a new message from vikas k',1,'2026-03-25 11:53:21','2026-03-27 09:39:11'),(101,4,2,3,'37d10ebb60c21272b336bb934a44774a:e2430b4f27c8b782ba17e23440423dd7','You have a new message from vikas k',1,'2026-03-25 11:53:22','2026-03-27 09:39:11'),(102,4,2,3,'40d309bbcfb85e2723d9376215a91fae:754ba80a8dd294f1c9a43e253bac6ac3','You have a new message from vikas k',1,'2026-03-25 11:53:23','2026-03-27 09:39:11'),(103,4,2,3,'2ca480b2ae4081e5014b69b6d9cb6670:8d87c9407734ad0c6769e076d621d6eb','You have a new message from vikas k',1,'2026-03-25 11:53:24','2026-03-27 09:39:11'),(104,4,2,3,'5452ad630d21fc0678bfe2b575b70a5a:0f950d4521269f06a99ad3f86a1ae8ef','You have a new message from vikas k',1,'2026-03-25 11:53:25','2026-03-27 09:39:11'),(105,4,2,3,'942ae3a525138643275b0c51d02e8e10:145d479a012f6feed167be64c7b4d0d1','You have a new message from vikas k',1,'2026-03-25 11:53:26','2026-03-27 09:39:11'),(106,4,2,3,'6516eccd19c039b7892a1d398e0e4fda:36e9ac4701abc2128093c4c1ed3fe067','You have a new message from vikas k',1,'2026-03-25 11:53:27','2026-03-27 09:39:11'),(107,4,2,3,'6093c2419023ef9f4a669e0344d76f75:b52ae666b828af687ce6d8b69ad46c67','You have a new message from vikas k',1,'2026-03-25 11:53:28','2026-03-27 09:39:11'),(108,4,2,3,'396bed3ddece8682ebb44676b55ff788:710863b136954cb5318a4fdfaeae4137','You have a new message from vikas k',1,'2026-03-25 11:53:29','2026-03-27 09:39:11'),(109,4,2,3,'190e75c593e332e75e626857152f6243:0a74e44ff6680c97c6e8ab9ac49d40d6','You have a new message from vikas k',1,'2026-03-25 11:53:41','2026-03-27 09:39:11'),(110,4,2,3,'1a14744affd867d070478585e0441c48:6a867069e2570381cf15aeaf8d6fdd40','You have a new message from vikas k',1,'2026-03-25 11:53:41','2026-03-27 09:39:11'),(111,4,2,3,'9aba22befc8d5c3f68271f3adc405e41:b7918a05ac0004295910b1ad554640da','You have a new message from vikas k',1,'2026-03-25 11:53:41','2026-03-27 09:39:11'),(112,4,2,3,'dcf61b4b7552391acf0b4e2efd851fd2:b77f0dd3424cadbd55b84445a0cc51fe','You have a new message from vikas k',1,'2026-03-25 11:53:41','2026-03-27 09:39:11'),(113,4,2,3,'d3d143a194cce92a4f4854b8297d6584:24d8aeeb1720bcaa27c481f8ae8dadfb','You have a new message from vikas k',1,'2026-03-25 11:53:41','2026-03-27 09:39:11'),(114,4,2,3,'0be0ef6c7826b0cdbcf413718ab31b92:1313ae1849298fffde0d0eb8a5f5a688','You have a new message from vikas k',1,'2026-03-25 11:53:41','2026-03-27 09:39:11'),(115,7,1,7,'67d0cda54faa03cd670da115eaf59f4b:b10fca9506939cc33e948e97ebc0c370','You have a new message from User1',1,'2026-03-25 11:57:55','2026-03-27 09:38:23'),(116,1,7,7,'205723e14a05730ccc73c76fb8b6495e:9f38cad2c4baefca7405710aad8c47d6','You have a new message from Ptl_Shikha_09',1,'2026-03-25 11:59:38','2026-03-26 07:24:22'),(117,1,7,7,'3087e2976c04e75f1b3f5eddfd75071e:f4630634754596b44710cfb43bac3a16','You have a new message from Ptl_Shikha_09',1,'2026-03-25 12:00:48','2026-03-26 07:24:22'),(118,1,7,7,'ab06bfb1101ad867df610cd8178e7129:2955462edf823190ed778bf827e2935e','You have a new message from Ptl_Shikha_09',1,'2026-03-25 12:01:46','2026-03-26 07:24:22'),(119,6,2,6,'a2d67f09e7ddf55e591d7bfffa94864e:fe4cde879ba4d71fb2db8c603523a12e44e388116ad712eb4392a9a495de92da','You have a new message from VAIBHAV',1,'2026-03-25 12:03:23','2026-03-27 09:39:11'),(120,4,6,8,'83cfaaa40705aa36cad26413047f0aa1:fc922c6b4324f683644c8df72aec63b7','You have a new message from vikas k',1,'2026-03-25 12:03:36','2026-03-25 12:23:55'),(121,4,6,8,'5892146ed194abdff1b922ecd3a601e5:f65a2252bb0b14d32c5c27d848153fdc','You have a new message from vikas k',1,'2026-03-25 12:03:56','2026-03-25 12:23:55'),(122,6,4,8,'083fd3e790cd9ba09ec8e62142e4a6ef:576dbcc6e3700bb03111cf3d3d83374d','You have a new message from VAIBHAV',1,'2026-03-25 12:04:21','2026-03-26 04:49:08'),(123,4,6,8,'fad593b7140e85a0f5662acb4250e686:21bb10485d5850c2d3c51cb06a52322cdaecea464762b0f99448258955506d3e','You have a new message from vikas k',1,'2026-03-25 12:04:29','2026-03-25 12:23:55'),(124,6,4,8,'32ea6972e4525f9734cce2d854c8be3d:95781fd790a4fb0d3e147dc55504fcfd','You have a new message from VAIBHAV',1,'2026-03-25 12:04:50','2026-03-26 04:49:08'),(125,4,6,8,'cda05124334c4bdd7b3a04582a747bb5:91ec764a239d6ed95deaa48c56cfa8b9d64bb801672edbe885ecbfa0db346abda174a6e89d3bdca68512ed7d251683d9','You have a new message from vikas k',1,'2026-03-25 12:05:09','2026-03-25 12:23:55'),(126,6,4,8,'2645912d3480c4ac496fa3ba5f3ffc80:e4dba48f99e9da2907d0128885372d696c8e2f5fc006e5eb08b48129c2ae20d0','You have a new message from VAIBHAV',1,'2026-03-25 12:07:27','2026-03-26 04:49:08'),(127,4,6,8,'c206966b9b9865e22285d1024db25a11:665a382c810b4c4864743a11c6b09cbbf082264f02c474db360daf425582aa7d','You have a new message from vikas k',1,'2026-03-25 12:07:40','2026-03-25 12:23:55'),(128,6,4,8,'bfa984ff44ac1164903e094d85e75d67:2bacbd0badae537c4462130e2b9769dd5dec978e5a21564d7aaf403ca2c48480','You have a new message from VAIBHAV',1,'2026-03-25 12:07:55','2026-03-26 04:49:08'),(129,4,6,8,'651e4a754de88ab4dd6d1170aea536e5:a769024668e78fd2dbdf741fb48a8fbf','You have a new message from vikas k',1,'2026-03-25 12:08:02','2026-03-25 12:23:55'),(130,8,2,9,'3bbd618c866613ab37997d549627db23:00e9ca6dea343c774497713d9c73482e','You have a new message from Tech',1,'2026-03-26 04:48:59','2026-03-27 09:39:11'),(131,8,2,9,'5f8ec11e03e06fa04197aea7a66a60dd:58c7e422933cdf757f1f9f496db6ac10','You have a new message from Tech',1,'2026-03-26 04:49:33','2026-03-27 09:39:11'),(132,2,8,9,'af95b69682daad1289c1ba35c55823c7:78e2ee8dc5c4696827a624841c6cd8e1','You have a new message from Ajju',1,'2026-03-26 04:49:39','2026-03-26 12:25:55'),(133,8,2,9,'1401ea67accdd5e6be399cb26f527930:150b120473c0593c092d3954d484f912','You have a new message from Tech',1,'2026-03-26 04:55:48','2026-03-27 09:39:11'),(134,7,1,7,'96025365e718514871c9c9be907797fd:0c10f0d3e7b379f140c5f2fce2665e5b','You have a new message from User1',1,'2026-03-26 07:07:03','2026-03-27 09:38:23'),(135,7,1,7,'3ba7ec129a0eabdac4ac823474e08b18:f916dd961b4814222cb87b54fe40a98d','You have a new message from User1',1,'2026-03-26 07:07:03','2026-03-27 09:38:23'),(136,7,1,7,'3ad82506da4e436b7f5a95e4de61ba88:5d5beb87826866225c24e486aeb2c2e9','You have a new message from User1',1,'2026-03-26 07:07:05','2026-03-27 09:38:23'),(137,7,1,7,'c18c646f16b2d45eb6e6ba43362e74b6:c5e501044f64a9c8aee18fb6dd71c76e','You have a new message from User1',1,'2026-03-26 07:07:06','2026-03-27 09:38:23'),(138,7,1,7,'ccd3c6c10339d565228d68294c0c4122:47a246a66f1212ff0f3c2e9d867c804a','You have a new message from User1',1,'2026-03-26 07:07:09','2026-03-27 09:38:23'),(139,7,1,7,'e19e3959dc1e4b7241a1dc377d4e4a3a:940b2da4c9e79cf24f482dbe2659fab0','You have a new message from User1',1,'2026-03-26 07:07:11','2026-03-27 09:38:23'),(140,7,1,7,'03b21eaf2195737fc5c1c21d95cbee51:fbc98b602fe73ae76c599fe390d2db9a','You have a new message from User1',1,'2026-03-26 07:07:12','2026-03-27 09:38:23'),(141,7,1,7,'116c8def13762970e15ea15993c8b6bb:a78bc577b0d0253f8decaf8f63599541','You have a new message from User1',1,'2026-03-26 07:07:13','2026-03-27 09:38:23'),(142,1,4,4,'be20e313a4316358ba9e7304f59a8ee5:471be7a33f1135738bf85baf2f7729ba','You have a new message from Ptl_Shikha_09',0,'2026-03-26 07:33:02','2026-03-26 07:33:02'),(143,1,2,1,'7db6ed9758a31eccb5da5286c551e655:f582657c95741fd617795f4488741bf0','You have a new message from Ptl_Shikha_09',1,'2026-03-26 07:42:16','2026-03-27 09:39:11'),(144,2,1,1,'c1873f13f83747938ed34b5b78720708:c321a102ab9065238ae05ff4bf66f5f7','You have a new message from Ajju',1,'2026-03-26 07:47:09','2026-03-27 09:38:23'),(145,2,8,9,'70cc11995770c7495f3c7e41957b532e:bbec075beba28cffd33108d497ce9c66','You have a new message from Ajju',1,'2026-03-26 08:55:05','2026-03-26 12:25:55'),(146,2,8,9,'c66435fb027381bdb5dcc11dfd2fe4c8:8c29ac37646380ec55c01c5b8050d887','You have a new message from Ajju',1,'2026-03-26 08:57:00','2026-03-26 12:25:55'),(147,2,8,9,'7a434fe87c6c315a9234213903c4ed3c:e6947e4745285bf4b0758f29243c65dc','You have a new message from Ajju',1,'2026-03-26 08:57:42','2026-03-26 12:25:55'),(148,1,4,4,'92567a52b156e7a7e03255a3acb0b795:ebee6c7f246d70c1d1f85b07b6b03fa6','You have a new message from Ptl_Shikha_09',0,'2026-03-26 09:06:27','2026-03-26 09:06:27'),(149,1,4,4,'6876c7d30544d941f695369bd9b085cb:4c13e97364fe65a7256561297894f5a8','You have a new message from Ptl_Shikha_09',0,'2026-03-26 09:10:58','2026-03-26 09:10:58'),(150,1,4,4,'c657ea882cc9f8023708ccca288d6675:502ac5fba0fd4d2eaf7536de40130a12','You have a new message from Ptl_Shikha_09',0,'2026-03-26 09:11:08','2026-03-26 09:11:08'),(151,1,4,4,'3e7f77ee2c23a0072e667650e7de805b:efe1570549f752bd250baf9478101206','You have a new message from Ptl_Shikha_09',0,'2026-03-26 09:14:42','2026-03-26 09:14:42'),(152,1,2,1,'773bdeb050176b6ae69e2679d8e82436:8c2e9b1f3815e7f6a4e9c3d55fcf2c73','You have a new message from Ptl_Shikha_09',1,'2026-03-26 09:15:54','2026-03-27 09:39:11'),(153,1,2,1,'4f29f4e98116fad506c9a0c6a32eb198:b8fc84f8ad69edfa81e87362e6254917','You have a new message from Ptl_Shikha_09',1,'2026-03-26 09:21:53','2026-03-27 09:39:11'),(154,1,2,1,'978293980e1e6b23a6f50b93b706ca88:575da5870a22c92a1de3f5402e65fb01','Ptl_Shikha_09 sent you a file',1,'2026-03-26 09:32:18','2026-03-27 09:39:11'),(155,1,2,1,'c3c784020395ccaa4436c88d7192883b:63fa9051874314efbd3bf4fe270a19d3','You have a new message from Ptl_Shikha',1,'2026-03-26 09:58:34','2026-03-27 09:39:11'),(156,1,2,1,'86529f5350743984f84856ccd4698866:b23f4b9295cd148636c03bc8b3681170','You have a new message from Ptl_Shikha',1,'2026-03-26 09:59:50','2026-03-27 09:39:11'),(157,2,1,1,'a1f5fa413a6ad81065f0884ef82adeea:949c5b9fa0f25c943c128295b986212f','You have a new message from Ajju',1,'2026-03-26 10:00:07','2026-03-27 09:38:23'),(158,2,1,1,'e62f36e5125cc28dbdba069eeff68f26:8cce4ec52847522af2a4f5f983f5252b','You have a new message from Ajju',1,'2026-03-26 10:00:15','2026-03-27 09:38:23'),(159,2,1,1,'1194b7a2acb829ff96e6cdb29ef5538a:8810a8ef806817b11c82cd3bfe61d008','You have a new message from Ajju',1,'2026-03-26 10:03:41','2026-03-27 09:38:23'),(160,2,1,1,'f605eeafd912c9d642ed49fcf913957d:49ad02408f691b480840213ef9a8568d','You have a new message from Ajju',1,'2026-03-26 10:05:11','2026-03-27 09:38:23'),(161,2,1,1,'cb9a31118f185976664f09c0b9da702a:7c55db9a704da5f26896b65ec60a3601','You have a new message from Ajju',1,'2026-03-26 10:06:50','2026-03-27 09:38:23'),(162,2,1,1,'1f135d35909a11a1beece2e5da054aa3:560e5416d3f7788f26d56b1743c5eb5d','You have a new message from Ajju',1,'2026-03-26 10:08:43','2026-03-27 09:38:23'),(163,2,1,1,'5ea94bd50ad4cc32c892edc36237b7d4:87c7606d9fa0234edc9b3aba2257759e','You have a new message from Ajju',1,'2026-03-26 10:08:59','2026-03-27 09:38:23'),(164,1,2,1,'1a6455301351254cc0521446dbdf6bfc:8bb9f85dfd711f8a22cffa4d973f79dd','You have a new message from Ptl_Shikha',1,'2026-03-26 10:09:10','2026-03-27 09:39:11'),(165,1,2,1,'f206b484594216629b4e2303ece17ebc:95f379efb1e0a155cc3c4a8736536b14','You have a new message from Ptl_Shikha',1,'2026-03-26 10:10:05','2026-03-27 09:39:11'),(166,1,2,1,'1ac06ba67ab73efb48ee0622591f9d01:7477d327563f2dd640e78f91b95160e9','You have a new message from Ptl_Shikha',1,'2026-03-26 10:10:25','2026-03-27 09:39:11'),(167,2,1,1,'c540f3a94bab63ac262bd580ed467d76:4e12b8b300052d0a74f26de232b3b864','You have a new message from Ajju',1,'2026-03-26 10:10:46','2026-03-27 09:38:23'),(168,2,1,1,'ffb1e3b4ee66b5471113862f41196be9:013374815a291a49af6a2d504686084d','You have a new message from Ajju',1,'2026-03-26 11:25:48','2026-03-27 09:38:23'),(169,2,8,9,'4d7f8748a11e0be64c789fbbe03e502d:d81d695045eb3a8262eb5d6e69e7429d38f7cc9c7c2a46a80e6009fbfd61ac5a','You have a new message from Ajju',1,'2026-03-26 12:02:55','2026-03-26 12:25:55'),(170,8,2,9,'cee7dd4205bb66c04c6b48b94074ac7b:e64f8094c424f2613005288f8482db16','You have a new message from Tech',1,'2026-03-26 12:26:09','2026-03-27 09:39:11'),(171,2,8,9,'275e5752b564042fdf423ca7f563833a:f799d0fe6ac8fd3fcc41fe300d83adab','You have a new message from Ajju',0,'2026-03-27 06:29:30','2026-03-27 06:29:30'),(172,2,1,1,'35dbfd40c3d9bad462dc3d65ebedd178:179c04ee1b6814cf1da3529f75a3097f','You have a new message from Ajju',1,'2026-03-27 07:41:20','2026-03-27 09:38:23'),(173,1,2,1,'b87b6e2f0f0a6752c7ad3c5f43532b1f:e459e63a81682aefe7b7a10c23fb46e9','You have a new message from Ptl_Shikha',1,'2026-03-27 09:13:51','2026-03-27 09:39:11'),(174,2,1,1,'624a02c2180084dc634a9b5e4f7ec4db:3ca42d7a137692566d052225692d5cdc','You have a new message from Ajju',1,'2026-03-27 09:30:29','2026-03-27 09:38:23'),(175,2,1,1,'d2ca366243d83531b34ad546fd848b33:bb8fafad7776803d14777701f4d77787','You have a new message from Ajju',1,'2026-03-27 09:31:32','2026-03-27 09:38:23'),(176,1,2,1,'33881bb5dfc5212f0b48fc5a17d9edf0:e2b782177871701822d6652d392dc9f9','You have a new message from Ptl_Shikha',1,'2026-03-27 09:32:29','2026-03-27 09:39:11'),(177,1,2,1,'6ba6e1f27dab5a16e6fa4feffeeb2619:cd616d83a964aeeb084d2d3b6e24e3b4','You have a new message from Ptl_Shikha',1,'2026-03-27 09:34:38','2026-03-27 09:39:11'),(178,1,2,1,'8b1d954590c9c45185c7664d9e9027dc:fc70f8ddd8db3fc2ecfefeef8330dfb3','You have a new message from Ptl_Shikha',1,'2026-03-27 09:38:32','2026-03-27 09:39:11');
/*!40000 ALTER TABLE `notifications` ENABLE KEYS */;
UNLOCK TABLES;

--
-- Table structure for table `plans`
--

DROP TABLE IF EXISTS `plans`;
/*!40101 SET @saved_cs_client     = @@character_set_client */;
/*!50503 SET character_set_client = utf8mb4 */;
CREATE TABLE `plans` (
  `id` int NOT NULL AUTO_INCREMENT,
  `type` enum('Free','Premium') NOT NULL DEFAULT 'Free',
  `price` decimal(10,2) NOT NULL DEFAULT '0.00',
  `price_id` varchar(255) DEFAULT NULL,
  `duration_days` int NOT NULL,
  `daily_message_limit` int DEFAULT NULL,
  `file_sharing_enable` tinyint(1) NOT NULL DEFAULT '0',
  `ads_enabled` tinyint(1) NOT NULL DEFAULT '0',
  `priority_delivery` tinyint(1) NOT NULL DEFAULT '0',
  `custom_status` tinyint(1) NOT NULL DEFAULT '0',
  `createdAt` datetime NOT NULL,
  `updatedAt` datetime DEFAULT NULL,
  PRIMARY KEY (`id`)
) ENGINE=InnoDB AUTO_INCREMENT=3 DEFAULT CHARSET=utf8mb4 COLLATE=utf8mb4_0900_ai_ci;
/*!40101 SET character_set_client = @saved_cs_client */;

--
-- Dumping data for table `plans`
--

LOCK TABLES `plans` WRITE;
/*!40000 ALTER TABLE `plans` DISABLE KEYS */;
INSERT INTO `plans` VALUES (1,'Free',0.00,'price_1T7CRtD27I0XIctFNVzJnx0g',36500,10,0,1,0,0,'2026-03-05 05:21:01',NULL),(2,'Premium',100.00,'price_1T7CV7D27I0XIctFIrIAZjmt',30,NULL,1,0,1,1,'2026-03-05 05:21:01',NULL);
/*!40000 ALTER TABLE `plans` ENABLE KEYS */;
UNLOCK TABLES;

--
-- Table structure for table `reactions`
--

DROP TABLE IF EXISTS `reactions`;
/*!40101 SET @saved_cs_client     = @@character_set_client */;
/*!50503 SET character_set_client = utf8mb4 */;
CREATE TABLE `reactions` (
  `id` int NOT NULL AUTO_INCREMENT,
  `msg_id` int NOT NULL,
  `user_id` int NOT NULL,
  `emoji` varchar(10) NOT NULL,
  `createdAt` datetime NOT NULL DEFAULT CURRENT_TIMESTAMP,
  `updatedAt` datetime DEFAULT NULL,
  PRIMARY KEY (`id`),
  UNIQUE KEY `unique_reaction_per_user_per_message` (`msg_id`,`user_id`),
  KEY `user_id` (`user_id`),
  CONSTRAINT `reactions_ibfk_1` FOREIGN KEY (`msg_id`) REFERENCES `messages` (`id`) ON DELETE CASCADE ON UPDATE CASCADE,
  CONSTRAINT `reactions_ibfk_2` FOREIGN KEY (`user_id`) REFERENCES `users` (`id`) ON DELETE CASCADE ON UPDATE CASCADE
) ENGINE=InnoDB AUTO_INCREMENT=4 DEFAULT CHARSET=utf8mb4 COLLATE=utf8mb4_0900_ai_ci;
/*!40101 SET character_set_client = @saved_cs_client */;

--
-- Dumping data for table `reactions`
--

LOCK TABLES `reactions` WRITE;
/*!40000 ALTER TABLE `reactions` DISABLE KEYS */;
INSERT INTO `reactions` VALUES (3,172,2,'🤣','2026-03-27 05:10:00','2026-03-27 05:10:11');
/*!40000 ALTER TABLE `reactions` ENABLE KEYS */;
UNLOCK TABLES;

--
-- Table structure for table `sequelizemeta`
--

DROP TABLE IF EXISTS `sequelizemeta`;
/*!40101 SET @saved_cs_client     = @@character_set_client */;
/*!50503 SET character_set_client = utf8mb4 */;
CREATE TABLE `sequelizemeta` (
  `name` varchar(255) COLLATE utf8mb3_unicode_ci NOT NULL,
  PRIMARY KEY (`name`),
  UNIQUE KEY `name` (`name`)
) ENGINE=InnoDB DEFAULT CHARSET=utf8mb3 COLLATE=utf8mb3_unicode_ci;
/*!40101 SET character_set_client = @saved_cs_client */;

--
-- Dumping data for table `sequelizemeta`
--

LOCK TABLES `sequelizemeta` WRITE;
/*!40000 ALTER TABLE `sequelizemeta` DISABLE KEYS */;
INSERT INTO `sequelizemeta` VALUES ('20260203101914-create-user-table.js'),('20260205044303-add-isDeleted-to-user.js'),('20260205090743-add-isLogin-to-user.js'),('20260205104300-create-chat-table.js'),('20260205151218-add-updated-to-chat.js'),('20260206064610-add-isDeleted-to-chat.js'),('20260206085213-create-msg-table.js'),('20260209061250-add-two-columns-to-messages.js'),('20260211121609-add-file_url-to-messages.js'),('20260213035304-add-receiverID-to-messages.js'),('20260213085611-create-notification-table.js'),('20260213090115-create-notification-table.js'),('20260214125545-add-otp-column-users.js'),('20260216053315-add-otp-column-users.js'),('20260217063511-add-deleteforall-to-messages.js'),('20260218064837-remove-columns-in-chats.js'),('20260218065853-create-table-chatSetting.js'),('20260219043121-add-otpPurpose-column-to-users.js'),('20260219061956-change-is_online-datatype.js'),('20260219065618-remove-col-from-messages.js'),('20260219073436-create-table-messageSetting.js'),('20260225050228-add unread_count col in chat setting tabel.js'),('20260225050228-add-unread_count-col-in-chat-setting-tabel.js'),('20260225115333-add two col in chat table.js'),('20260226105312-add chat_id col in notification.js'),('20260227054139-added-three-col-in-chatsetting.js'),('20260304053143-create-plan-table.js'),('20260304070045-create-subscription-table.js'),('20260304103448-create-transaction-table.js'),('20260306044959-added-two-cols-to-users.js'),('20260307053049-change-allow_null-in-notification.js'),('20260308153214-change-statu-in-subscription.js'),('20260326041830-add-fcm-col-to-users.js'),('20260326092732-add-staus-to-messages.js'),('20260327040000-create-reactions-table.js'),('20260327065720-add-deleteAt-to-users.js');
/*!40000 ALTER TABLE `sequelizemeta` ENABLE KEYS */;
UNLOCK TABLES;

--
-- Table structure for table `subscriptions`
--

DROP TABLE IF EXISTS `subscriptions`;
/*!40101 SET @saved_cs_client     = @@character_set_client */;
/*!50503 SET character_set_client = utf8mb4 */;
CREATE TABLE `subscriptions` (
  `id` int NOT NULL AUTO_INCREMENT,
  `user_id` int NOT NULL,
  `plan_id` int NOT NULL,
  `stripe_subscription_id` varchar(255) DEFAULT NULL,
  `start_date` datetime DEFAULT NULL,
  `end_date` datetime DEFAULT NULL,
  `status` enum('Active','Cancel') DEFAULT NULL,
  `auto_renew` tinyint(1) NOT NULL DEFAULT '0',
  `createdAt` datetime NOT NULL,
  `updatedAt` datetime DEFAULT NULL,
  PRIMARY KEY (`id`),
  KEY `user_id` (`user_id`),
  KEY `plan_id` (`plan_id`),
  CONSTRAINT `subscriptions_ibfk_1` FOREIGN KEY (`user_id`) REFERENCES `users` (`id`),
  CONSTRAINT `subscriptions_ibfk_2` FOREIGN KEY (`plan_id`) REFERENCES `plans` (`id`)
) ENGINE=InnoDB AUTO_INCREMENT=11 DEFAULT CHARSET=utf8mb4 COLLATE=utf8mb4_0900_ai_ci;
/*!40101 SET character_set_client = @saved_cs_client */;

--
-- Dumping data for table `subscriptions`
--

LOCK TABLES `subscriptions` WRITE;
/*!40000 ALTER TABLE `subscriptions` DISABLE KEYS */;
INSERT INTO `subscriptions` VALUES (1,1,2,'sub_1TEoGZD27I0XIctFYipVGHbC','2026-03-25 10:02:21','2026-04-25 10:02:21','Active',1,'2026-03-25 10:01:29','2026-03-25 10:02:25'),(2,2,1,NULL,NULL,NULL,'Active',1,'2026-03-25 10:03:01','2026-03-25 10:03:01'),(3,3,2,'sub_1TEoN9D27I0XIctFVP02Aq1D','2026-03-25 10:09:08','2026-04-25 10:09:08','Active',1,'2026-03-25 10:06:55','2026-03-25 10:09:12'),(4,4,2,'sub_1TEotXD27I0XIctFsPxN4EmJ','2026-03-25 10:42:37','2026-04-25 10:42:37','Active',1,'2026-03-25 10:24:08','2026-03-25 10:42:41'),(5,5,2,'sub_1TEp74D27I0XIctFv4FDT6lu','2026-03-25 10:56:35','2026-04-25 10:56:35','Active',1,'2026-03-25 10:32:22','2026-03-25 10:56:39'),(6,6,1,NULL,NULL,NULL,'Active',1,'2026-03-25 10:33:29','2026-03-25 10:33:29'),(7,7,2,'sub_1TEqCeD27I0XIctFtZUDQd3e','2026-03-25 12:06:26','2026-04-25 12:06:26','Active',1,'2026-03-25 11:46:45','2026-03-25 12:06:30'),(8,8,1,NULL,NULL,NULL,'Active',1,'2026-03-26 04:48:07','2026-03-26 04:48:07'),(9,9,1,NULL,NULL,NULL,'Active',1,'2026-03-26 07:27:54','2026-03-26 07:27:54'),(10,10,1,NULL,NULL,NULL,'Active',1,'2026-03-27 06:15:44','2026-03-27 06:15:44');
/*!40000 ALTER TABLE `subscriptions` ENABLE KEYS */;
UNLOCK TABLES;

--
-- Table structure for table `transactions`
--

DROP TABLE IF EXISTS `transactions`;
/*!40101 SET @saved_cs_client     = @@character_set_client */;
/*!50503 SET character_set_client = utf8mb4 */;
CREATE TABLE `transactions` (
  `id` int NOT NULL AUTO_INCREMENT,
  `user_id` int NOT NULL,
  `plan_id` int NOT NULL,
  `stripe_payment_id` varchar(255) DEFAULT NULL,
  `amount` decimal(10,2) NOT NULL DEFAULT '0.00',
  `currency` varchar(100) NOT NULL DEFAULT 'INR',
  `status` enum('Pending','Success','Failed','Refunded') DEFAULT NULL,
  `invoice_url` varchar(255) DEFAULT NULL,
  `createdAt` datetime NOT NULL,
  `updatedAt` datetime DEFAULT NULL,
  PRIMARY KEY (`id`),
  KEY `user_id` (`user_id`),
  KEY `plan_id` (`plan_id`),
  CONSTRAINT `transactions_ibfk_1` FOREIGN KEY (`user_id`) REFERENCES `users` (`id`),
  CONSTRAINT `transactions_ibfk_2` FOREIGN KEY (`plan_id`) REFERENCES `plans` (`id`)
) ENGINE=InnoDB AUTO_INCREMENT=6 DEFAULT CHARSET=utf8mb4 COLLATE=utf8mb4_0900_ai_ci;
/*!40101 SET character_set_client = @saved_cs_client */;

--
-- Dumping data for table `transactions`
--

LOCK TABLES `transactions` WRITE;
/*!40000 ALTER TABLE `transactions` DISABLE KEYS */;
INSERT INTO `transactions` VALUES (1,1,2,'sub_1TEoGZD27I0XIctFYipVGHbC',100.00,'INR','Success','https://invoice.stripe.com/i/acct_1SwKJsD27I0XIctF/test_YWNjdF8xU3dLSnNEMjdJMFhJY3RGLF9VREVrbjREUVpOSEo4Szhlc1NmZkJ4dGJqRFVsZTlwLDE2NDk3Mzc0NQ02005ZYW5SrB?s=ap','2026-03-25 10:02:11','2026-03-25 10:02:25'),(2,3,2,'sub_1TEoN9D27I0XIctFVP02Aq1D',100.00,'INR','Success','https://invoice.stripe.com/i/acct_1SwKJsD27I0XIctF/test_YWNjdF8xU3dLSnNEMjdJMFhJY3RGLF9VREVxcUtwQVpLWTdqdEhuc2ZJemZNSm13NWdLbXVMLDE2NDk3NDE1Mw0200NQz0PWff?s=ap','2026-03-25 10:08:35','2026-03-25 10:09:13'),(3,4,2,'sub_1TEotXD27I0XIctFsPxN4EmJ',100.00,'INR','Success','https://invoice.stripe.com/i/acct_1SwKJsD27I0XIctF/test_YWNjdF8xU3dLSnNEMjdJMFhJY3RGLF9VREZPZ0pOQ0ZYSXFPYzMxZlVpdUdaYkVrd3FCdlU0LDE2NDk3NjE2MQ02009h9dy5bZ?s=ap','2026-03-25 10:42:10','2026-03-25 10:42:41'),(4,5,2,'sub_1TEp74D27I0XIctFv4FDT6lu',100.00,'INR','Success','https://invoice.stripe.com/i/acct_1SwKJsD27I0XIctF/test_YWNjdF8xU3dLSnNEMjdJMFhJY3RGLF9VREZjV0dkSGZVMDRGTU9kMlNBMFlQWGZ4bWI0TnRkLDE2NDk3NzAwMA0200KPUJgsRn?s=ap','2026-03-25 10:56:00','2026-03-25 10:56:39'),(5,7,2,'sub_1TEqCeD27I0XIctFtZUDQd3e',100.00,'INR','Success','https://invoice.stripe.com/i/acct_1SwKJsD27I0XIctF/test_YWNjdF8xU3dLSnNEMjdJMFhJY3RGLF9VREdrSk1KVmhFOGx6SDJDZ0RYaXVCeU9CMVNtWXd2LDE2NDk4MTE5MQ02003UsoDaF5?s=ap','2026-03-25 12:06:16','2026-03-25 12:06:31');
/*!40000 ALTER TABLE `transactions` ENABLE KEYS */;
UNLOCK TABLES;

--
-- Table structure for table `users`
--

DROP TABLE IF EXISTS `users`;
/*!40101 SET @saved_cs_client     = @@character_set_client */;
/*!50503 SET character_set_client = utf8mb4 */;
CREATE TABLE `users` (
  `id` int NOT NULL AUTO_INCREMENT,
  `stripe_customer_id` varchar(255) DEFAULT NULL,
  `name` varchar(100) NOT NULL,
  `email` varchar(255) NOT NULL,
  `phone` varchar(100) NOT NULL,
  `password` varchar(100) NOT NULL,
  `photo` text,
  `otp_purpose` enum('signup','forgot_password') DEFAULT NULL,
  `otp` varchar(100) DEFAULT NULL,
  `expiresAt` datetime DEFAULT NULL,
  `isVerified` tinyint(1) NOT NULL DEFAULT '0',
  `is_online` int DEFAULT '0',
  `last_seen` datetime DEFAULT NULL,
  `isDeleted` tinyint(1) NOT NULL DEFAULT '0',
  `deletedAt` datetime DEFAULT NULL,
  `isLogin` tinyint(1) DEFAULT '0',
  `fcm_token` varchar(255) DEFAULT NULL,
  `createdAt` datetime NOT NULL,
  `updatedAt` datetime DEFAULT NULL,
  PRIMARY KEY (`id`),
  UNIQUE KEY `email` (`email`),
  UNIQUE KEY `phone` (`phone`)
) ENGINE=InnoDB AUTO_INCREMENT=11 DEFAULT CHARSET=utf8mb4 COLLATE=utf8mb4_0900_ai_ci;
/*!40101 SET character_set_client = @saved_cs_client */;

--
-- Dumping data for table `users`
--

LOCK TABLES `users` WRITE;
/*!40000 ALTER TABLE `users` DISABLE KEYS */;
INSERT INTO `users` VALUES (1,'cus_UDEj28ZYoYwPzD','Ptl_Shikha','patelshikha898@gmail.com','2345678905','$2b$10$8j/fnirTWavqakPwBDrtMeq8IYhpSzRQ5p2TTvdaYDASokg6chKyq',NULL,NULL,NULL,NULL,1,1,NULL,0,NULL,1,NULL,'2026-03-25 10:01:29','2026-03-27 09:38:23'),(2,NULL,'Ajju','ajinkyaawachar33@gmail.com','9313042927','$2b$10$KtPng9kwwKpQ242FZrL7eO/HZPEkn.t26bmM.AsCDgtOYBAdR9Egm','http://res.cloudinary.com/dwtumdptw/image/upload/v1774434015/chat_images/profile1774434011437-525396247_tbuoua.jpg',NULL,NULL,NULL,1,1,NULL,0,NULL,1,'your_test_mobile_device_token_here_12345','2026-03-25 10:03:01','2026-03-27 09:39:11'),(3,'cus_UDEqKg06HJV935','vidhi Patel','tadahoy114@exespay.com','1478520369','$2b$10$EpW0wsWWTLXfe69u/N3nZOWDfbiFvzBBUzQBdy2R7W/stFpz1Gfyq',NULL,NULL,NULL,NULL,1,0,'2026-03-25 10:13:50',0,NULL,1,NULL,'2026-03-25 10:06:55','2026-03-25 10:13:50'),(4,'cus_UDFNC8V2A71Ua2','vikas k','vikasahir2503@gmail.com','1234567890','$2b$10$Dzck.Jgyw/IMjM1ZRU1BYOqTn7B/NZVBNCxYjdU0anY4NXX3Ab4t6',NULL,NULL,NULL,NULL,1,0,'2026-03-26 04:49:15',0,NULL,0,NULL,'2026-03-25 10:24:08','2026-03-26 04:49:15'),(5,'cus_UDFbyXyM5TVDaz','khushi','khushir@zluck.in','9427116409','$2b$10$dlgSM7XebLIhD09CDBP.u.XEMPDXP/tNqBYSxt/S7XFqKIhBpRFBe',NULL,NULL,NULL,NULL,1,0,NULL,0,NULL,1,NULL,'2026-03-25 10:32:22','2026-03-25 10:56:00'),(6,NULL,'VAIBHAV','vaibhavgajiwala6@gmail.com','7874933817','$2b$10$kZXrOq/Xr7R9OXQwNZ6XDejWpyTbj4wjABL7kPifeDTPwDA3/8tne',NULL,NULL,NULL,NULL,1,0,NULL,0,NULL,1,NULL,'2026-03-25 10:33:29','2026-03-25 10:33:51'),(7,'cus_UDGjFRWR26h5Ns','User1','yocebe7641@exahut.com','2345678908','$2b$10$CTDpgfiQtKO.sgY0nDH81ujdM4PKDvmJcRLjJ0KWITPbPCQ0TbANC',NULL,NULL,NULL,NULL,1,0,'2026-03-26 07:24:57',0,NULL,0,NULL,'2026-03-25 11:46:45','2026-03-26 07:24:57'),(8,NULL,'Tech','codetech1432@gmail.com','9408123428','$2b$10$FKb0PZHXF59S.hKVjncVvugMs3TYzVzMb8xD/6jKvB7MqDxr8sM76',NULL,NULL,NULL,NULL,1,0,NULL,0,NULL,1,NULL,'2026-03-26 04:48:07','2026-03-26 10:08:41'),(9,NULL,'User2','kafohal297@exespay.com','2345678994','$2b$10$Yq4vGPudVtpuHWKiYxXTiO4SLdY0A4Yjb7/xhK72qS/9xSJpr6oL.',NULL,NULL,NULL,NULL,1,0,'2026-03-26 07:28:58',0,NULL,0,NULL,'2026-03-26 07:27:53','2026-03-26 07:28:58'),(10,NULL,'Demo','tasiset284@fun4k.com','9876543132','$2b$10$A8s/SgDzolIiE9sZClPyy.Es9hi89KTlRLjxeUnK4L02Xt1A2KIxu',NULL,NULL,NULL,NULL,1,0,'2026-03-27 06:23:23',0,NULL,0,NULL,'2026-03-27 06:15:44','2026-03-27 06:23:23');
/*!40000 ALTER TABLE `users` ENABLE KEYS */;
UNLOCK TABLES;
/*!40103 SET TIME_ZONE=@OLD_TIME_ZONE */;

/*!40101 SET SQL_MODE=@OLD_SQL_MODE */;
/*!40014 SET FOREIGN_KEY_CHECKS=@OLD_FOREIGN_KEY_CHECKS */;
/*!40014 SET UNIQUE_CHECKS=@OLD_UNIQUE_CHECKS */;
/*!40101 SET CHARACTER_SET_CLIENT=@OLD_CHARACTER_SET_CLIENT */;
/*!40101 SET CHARACTER_SET_RESULTS=@OLD_CHARACTER_SET_RESULTS */;
/*!40101 SET COLLATION_CONNECTION=@OLD_COLLATION_CONNECTION */;
/*!40111 SET SQL_NOTES=@OLD_SQL_NOTES */;

-- Dump completed on 2026-03-27 15:09:50
